comment,result,preprocessed
"‡∏ï‡∏≥‡∏£‡∏≤‡∏Ñ‡∏∏‡∏ì‡∏õ‡∏π‡πà ‡πÑ‡∏î‡πâ‡∏Å‡∏•‡πà‡∏≤‡∏ß‡πÑ‡∏ß‡πâ

‡πÑ‡∏°‡πà‡πÄ‡∏ä‡∏∑‡πà‡∏≠ ‡∏ï‡πâ‡∏≠‡∏á‡∏ï‡∏≤‡∏°‡∏î‡∏π",-1,"‡∏ï‡∏≥‡∏£‡∏≤,‡∏Ñ‡∏∏‡∏ì‡∏õ‡∏π‡πà,‡πÑ‡∏°‡πà‡πÄ‡∏ä‡∏∑‡πà‡∏≠,‡∏ï‡πâ‡∏≠‡∏á‡∏ï‡∏≤,‡∏î‡∏π"
‡∏´‡∏£‡∏±‡πà‡∏á‡πÄ‡∏•‡πà‡∏ô‡∏á‡∏µ‡πâ‡∏°‡∏≤‡∏´‡∏•‡∏≤‡∏¢‡∏£‡∏≠‡∏ö‡πÅ‡∏•‡πâ‡∏ß ‡∏≠‡∏±‡∏î‡∏ï‡∏≠‡∏ô ATO ‡πÄ‡∏ô‡∏µ‡πà‡∏¢,-1,"‡∏´‡∏£‡∏±‡πà‡∏á,‡πÄ‡∏•‡πà‡∏ô,‡∏á‡∏µ‡πâ,‡∏£‡∏≠‡∏ö,‡∏≠‡∏±‡∏î,‡∏ï‡∏≠‡∏ô,ATO"
‡∏õ‡∏π‡πà‡∏ä‡∏≠‡∏ö‡πÄ‡∏•‡πà‡∏ô‡∏£‡∏ñ‡πÑ‡∏ü‡πÄ‡∏´‡∏≤‡∏∞‡∏Ñ‡∏£‡∏±‡∏ö ‡∏•‡∏≤‡∏Å‡∏Ç‡∏∂‡πâ‡∏ô‡πÑ‡∏õ‡∏™‡∏π‡∏á‡πÜ‡∏Å‡πà‡∏≠‡∏ô ‡∏£‡∏≠‡πÄ‡∏°‡πà‡∏≤‡∏ô‡∏±‡πà‡∏á‡∏û‡∏£‡πâ‡∏≠‡∏°‡∏Å‡πá.... ‡πÅ‡∏´‡∏°‡∏ï‡∏∑‡πà‡∏ô‡πÄ‡∏ï‡πâ‡∏ô,1,"‡∏õ‡∏π‡πà,‡∏ä‡∏≠‡∏ö,‡πÄ‡∏•‡πà‡∏ô,‡∏£‡∏ñ‡πÑ‡∏ü,‡πÄ‡∏´‡∏≤‡∏∞,‡∏•‡∏≤‡∏Å,‡∏£‡∏≠,‡πÄ‡∏°‡πà‡∏≤,‡∏ô‡∏±‡πà‡∏á,‡πÅ‡∏´‡∏°,‡∏ï‡∏∑‡πà‡∏ô‡πÄ‡∏ï‡πâ‡∏ô"
"‡πÄ‡∏õ‡∏¥‡∏î‡πÇ‡∏î‡∏î ‡∏Ç‡∏∂‡πâ‡∏ô‡∏°‡∏≤‡πÅ‡∏ö‡∏ö‡∏ô‡∏µ‡πâ

‡∏Å‡∏î S ‡∏Å‡∏¥‡∏ô‡∏ï‡∏±‡∏ö‡∏ü‡∏£‡∏µ‡∏≠‡∏µ‡∏Å‡πÅ‡∏•‡πâ‡∏ß ‡∏ï‡∏±‡∏ö ‡∏ï‡∏±‡∏ö ‡∏ï‡∏±‡∏ö‡∏ö‡∏ö",-1,"‡πÇ‡∏î‡∏î,‡∏Å‡∏î,‡∏Å‡∏¥‡∏ô,‡∏ï‡∏±‡∏ö,‡∏ü‡∏£‡∏µ,‡∏ï‡∏±‡∏ö,‡∏ï‡∏±‡∏ö,‡∏ï‡∏±‡∏ö"
Gap...Wave 5  ^^,1,"GapWave,5"
‡∏£‡∏≠‡πÉ‡∏´‡πâ‡∏•‡∏≤‡∏Å‡∏ï‡πà‡∏≠‡πÑ‡∏°‡πà‡πÑ‡∏´‡∏ß‡πÅ‡∏•‡πâ‡∏ß ‡∏•‡πá‡∏≠‡∏Å‡∏Å‡∏≥‡πÑ‡∏£‡πÑ‡∏ß‡πâ‡∏Å‡πà‡∏≠‡∏ô‡∏î‡∏µ‡∏Å‡∏ß‡πà‡∏≤,1,"‡∏£‡∏≠,‡∏•‡∏≤‡∏Å,‡πÑ‡∏°‡πà‡πÑ‡∏´‡∏ß,‡∏•‡πá‡∏≠‡∏Å,‡∏Å‡∏≥‡πÑ‡∏£"
‡πÄ‡∏°‡∏∑‡πà‡∏≠‡πÄ‡∏ä‡πâ‡∏≤‡πÑ‡∏°‡πà‡πÑ‡∏î‡πâ‡∏ï‡∏¥‡∏î‡∏ï‡∏≤‡∏°‡∏Ç‡πà‡∏≤‡∏ß ‡∏°‡∏µ‡∏Ç‡πà‡∏≤‡∏ß‡∏î‡∏µ‡∏≠‡∏∞‡πÑ‡∏£‡∏´‡∏£‡∏∑‡∏≠‡πÄ‡∏õ‡∏•‡πà‡∏≤‡∏Ñ‡∏£‡∏±‡∏ö? ‡∏ö‡∏ß‡∏Å‡πÄ‡∏¢‡∏≠‡∏∞‡πÄ‡∏ä‡∏µ‡∏¢‡∏ß,1,"‡πÄ‡∏ä‡∏∑‡πà‡∏≠‡∏á‡∏ä‡πâ‡∏≤,‡∏ï‡∏¥‡∏î‡∏ï‡∏≤‡∏°,‡∏Ç‡πà‡∏≤‡∏ß,‡∏Ç‡πà‡∏≤‡∏ß,‡∏ö‡∏ß‡∏Å,‡πÄ‡∏ä‡∏µ‡∏¢‡∏ß"
‡∏ü‡∏¥‡∏™‡∏õ‡∏£‡∏±‡∏ö‡πÄ‡∏≠‡πâ‡∏≤‡∏•‡∏∏‡∏Ñ‡πÑ‡∏ó‡∏¢‡∏Ç‡∏∂‡πâ‡∏ô‡∏°‡∏±‡πâ‡∏á‡∏Ñ‡∏£‡∏±‡∏ö ‡∏´‡∏£‡∏±‡πà‡∏á‡∏£‡∏±‡∏Å‡πÑ‡∏ó‡∏¢‡∏´‡∏•‡∏á‡πÑ‡∏ó‡∏¢‡∏°‡∏≤‡∏Å‡∏Ç‡∏∂‡πâ‡∏ô,1,"‡∏ü‡∏¥‡∏™,‡πÄ‡∏≠‡πâ‡∏≤,‡∏•‡∏∏‡∏Ñ,‡πÑ‡∏ó‡∏¢,‡∏°‡∏±‡πâ‡∏á,‡∏´‡∏£‡∏±‡πà‡∏á,‡∏£‡∏±‡∏Å,‡πÑ‡∏ó‡∏¢‡∏´‡∏•‡∏á,‡πÑ‡∏ó‡∏¢,‡∏°‡∏∑‡∏≠‡∏Ç‡∏∂‡πâ‡∏ô"
"‡πÄ‡∏õ‡∏ô‡πÑ‡∏õ‡∏ï‡∏≤‡∏°‡∏û‡∏µ‡πà‡∏Ñ‡∏¥‡∏î‡πÑ‡∏´‡∏°
-30 ‡∏à‡∏∏‡∏Å",-1,"‡πÄ‡∏õ‡∏ô,‡∏û‡∏µ‡πà,‡πÑ‡∏´‡∏°,‡∏à‡∏∏‡∏Å"
"‡πÄ‡∏î‡∏µ‡πã‡∏¢‡∏ß‡∏Å‡∏≠‡∏á‡∏Å‡πá‡∏Ç‡∏≤‡∏¢

‡πÄ‡∏ä‡∏∑‡πà‡∏≠‡∏î‡∏¥",1,"‡πÄ‡∏î‡∏µ‡πã‡∏¢‡∏ß,‡∏Å‡∏≠‡∏á,‡∏Ç‡∏≤‡∏¢,‡∏î‡∏¥"
‡πÄ‡∏õ‡∏¥‡∏î gap ‡πÅ‡∏ö‡∏ö ‡∏á‡∏á‡πÜ,-1,gap
"‡πÄ‡∏£‡∏∑‡πà‡∏≠‡∏á‡∏°‡∏µ‡∏≠‡∏¢‡∏π‡πà‡∏ß‡πà‡∏≤ ‡∏à‡πà‡∏≤‡∏¢‡πÄ‡∏á‡∏¥‡∏ô‡∏Ñ‡πà‡∏≤‡∏≠‡∏¥‡∏ô‡πÄ‡∏ï‡∏≠‡∏£‡πå‡πÄ‡∏ô‡πá‡∏ï‡∏Ç‡∏≠‡∏á‡πÄ‡∏î‡∏∑‡∏≠‡∏ô‡πÄ‡∏°‡∏©‡∏≤‡∏¢‡∏ô ‡πÇ‡∏î‡∏¢‡∏´‡∏±‡∏Å‡∏ú‡πà‡∏≤‡∏ô‡πÄ‡∏Ñ‡∏£‡∏î‡∏¥‡∏ï‡∏Ç‡∏≠‡∏á AMEX ‡∏¢‡∏≠‡∏î‡πÄ‡∏á‡∏¥‡∏ô 747.93 ‡∏ö‡∏≤‡∏ó‡πÉ‡∏ô‡πÄ‡∏î‡∏∑‡∏≠‡∏ô ‡∏û.‡∏Ñ.
‡πÅ‡∏ï‡πà AIS ‡πÇ‡∏ó‡∏£‡∏°‡∏≤‡πÅ‡∏à‡πâ‡∏á‡∏ß‡πà‡∏≤‡πÑ‡∏°‡πà‡πÑ‡∏î‡πâ‡∏£‡∏±‡∏ö‡∏¢‡∏≠‡∏î‡∏ô‡∏µ‡πâ ‡πÄ‡∏£‡∏≤‡∏Å‡πá‡πÇ‡∏ó‡∏£‡πÑ‡∏õ‡∏ï‡∏≤‡∏°‡∏ó‡∏µ‡πà AMEX ‡∏ó‡∏≤‡∏á‡∏ö‡∏±‡∏ï‡∏£‡πÄ‡∏Ñ‡πâ‡∏≤‡∏Å‡πá‡πÅ‡∏à‡πâ‡∏á‡∏ß‡πà‡∏≤ ‡∏¢‡∏≠‡∏î‡∏ô‡∏µ‡πâ‡∏´‡∏±‡∏Å‡πÉ‡∏´‡πâ AIS ‡πÄ‡∏£‡∏µ‡∏¢‡∏ö‡∏£‡πâ‡∏≠‡∏¢‡πÅ‡∏•‡πâ‡∏ß
‡πÄ‡∏£‡∏≤‡∏Å‡πá‡πÇ‡∏ó‡∏£‡∏ñ‡∏≤‡∏° AIS‡∏≠‡∏µ‡∏Å ‡πÇ‡∏ó‡∏£‡πÑ‡∏õ‡∏´‡∏•‡∏≤‡∏¢‡∏£‡∏≠‡∏ö‡∏°‡∏≤‡∏Å‡πÅ‡∏•‡∏∞‡∏´‡∏•‡∏≤‡∏¢‡∏Ñ‡∏ô‡∏°‡∏≤‡∏Å ‡∏Å‡πá‡πÑ‡∏°‡πà‡πÑ‡∏î‡πâ‡∏Ñ‡∏≥‡∏ï‡∏≠‡∏ö‡∏≠‡∏∞‡πÑ‡∏£ ‡∏à‡∏∞‡πÑ‡∏õ‡∏Ç‡∏≠‡πÄ‡∏á‡∏¥‡∏ô‡∏Ñ‡∏∑‡∏ô‡∏ó‡∏≤‡∏á AMEX ‡πÄ‡∏Ñ‡πâ‡∏≤‡∏Å‡πá‡πÑ‡∏°‡πà‡πÉ‡∏´‡πâ
‡πÇ‡∏î‡∏¢‡∏ö‡∏±‡∏ï‡∏£‡∏Å‡πá‡πÅ‡∏à‡πâ‡∏á‡∏≠‡∏µ‡∏Å‡∏ß‡πà‡∏≤‡∏Å‡πá‡∏à‡πà‡∏≤‡∏¢‡πÉ‡∏´‡πâ‡πÑ‡∏õ‡πÅ‡∏•‡πâ‡∏ß ‡πÉ‡∏´‡πâ‡πÑ‡∏õ‡∏ï‡∏≤‡∏°‡∏Å‡∏±‡∏ö AIS ‡∏ï‡∏≤‡∏°‡∏°‡∏≤‡∏à‡∏ô‡∏ñ‡∏∂‡∏á‡∏õ‡∏±‡∏à‡∏à‡∏∏‡∏ö‡∏±‡∏ô AIS ‡∏Å‡πá‡πÑ‡∏°‡πà‡∏£‡∏±‡∏ö‡∏ú‡∏¥‡∏î‡∏ä‡∏≠‡∏ö‡∏ï‡∏≤‡∏°‡∏´‡∏≤‡∏¢‡∏≠‡∏î‡∏ó‡∏µ‡πà‡∏ß‡πà‡∏≤ ‡∏™‡∏¥‡πà‡∏á‡∏ó‡∏µ‡πà‡∏ó‡∏≥‡πÑ‡∏î‡πâ‡∏Ñ‡∏∑‡∏≠‡∏ï‡πâ‡∏≠‡∏á‡∏à‡πà‡∏≤‡∏¢‡∏¢‡∏≠‡∏î‡∏ô‡∏µ‡πâ‡∏ã‡πâ‡∏≥‡∏≠‡∏µ‡∏Å‡∏£‡∏≠‡∏ö
‡∏Ñ‡∏∑‡∏≠‡πÑ‡∏£‡∏≠‡πà‡∏≤ ‡∏Å‡πá‡∏à‡πà‡∏≤‡∏¢‡πÑ‡∏õ‡πÅ‡∏•‡πâ‡∏ß‡∏à‡∏∞‡πÉ‡∏´‡πâ‡∏à‡πà‡∏≤‡∏¢‡∏ã‡πâ‡∏≥‡∏à‡πà‡∏≤‡∏¢‡∏ã‡∏≤‡∏Å‡∏≠‡∏∞‡πÑ‡∏£‡∏≠‡∏µ‡∏Å ‡∏à‡∏∞‡∏à‡πà‡∏≤‡∏¢‡∏Ç‡∏≠‡∏á‡πÄ‡∏î‡∏∑‡∏≠‡∏ô ‡∏û‡∏Ñ.-‡∏õ‡∏±‡∏à‡∏à‡∏∏‡∏ö‡∏±‡∏ô‡∏Å‡πá‡πÑ‡∏°‡πà‡πÑ‡∏î‡πâ‡∏≠‡∏µ‡∏Å ‡πÄ‡∏û‡∏£‡∏≤‡∏∞‡∏ï‡πâ‡∏≠‡∏á‡πÑ‡∏õ‡∏à‡πà‡∏≤‡∏¢‡∏¢‡∏≠‡∏î‡∏ã‡πâ‡∏≥‡∏Ç‡∏≠‡∏á‡πÄ‡∏î‡∏∑‡∏≠‡∏ô‡πÄ‡∏°‡∏©‡∏≤ (‡∏ã‡∏∂‡πà‡∏á‡∏à‡πà‡∏≤‡∏¢‡πÑ‡∏õ‡πÅ‡∏•‡πâ‡∏ß) ‡∏™‡∏∏‡∏î‡∏ó‡πâ‡∏≤‡∏¢‡∏≠‡∏¥‡∏ô‡πÄ‡∏ï‡∏≠‡∏£‡πå‡πÄ‡∏ô‡πá‡∏ï‡∏ñ‡∏π‡∏Å‡∏ï‡∏±‡∏î ‡∏ó‡∏≥‡∏á‡∏≤‡∏ô‡πÑ‡∏°‡πà‡πÑ‡∏î‡πâ ‡πÉ‡∏Ñ‡∏£‡∏à‡∏∞‡∏ï‡πâ‡∏≠‡∏á‡∏£‡∏±‡∏ö‡∏ú‡∏¥‡∏î‡∏ä‡∏≠‡∏ö‡πÄ‡∏£‡∏∑‡πà‡∏≠‡∏á‡∏ô‡∏µ‡πâ? ‡∏´‡∏£‡∏∑‡∏≠‡∏ñ‡πâ‡∏≤‡∏à‡∏∞‡∏¢‡∏Å‡πÄ‡∏•‡∏¥‡∏Å‡πÑ‡∏õ‡πÉ‡∏ä‡πâ‡πÄ‡∏à‡πâ‡∏≤‡∏≠‡∏∑‡πà‡∏ô ‡∏Å‡πá‡∏ï‡πâ‡∏≠‡∏á‡∏à‡πà‡∏≤‡∏¢‡∏ã‡πâ‡∏≥‡∏≠‡∏¢‡∏π‡πà‡∏î‡∏µ ‡∏ã‡∏ß‡∏¢‡∏à‡∏£‡∏¥‡∏á‡πÜ",-1,"‡πÄ‡∏£‡∏∑‡πà‡∏≠‡∏á,‡∏à‡πà‡∏≤‡∏¢,‡πÄ‡∏á‡∏¥‡∏ô,‡∏Ñ‡πà‡∏≤,‡∏≠‡∏¥‡∏ô‡πÄ‡∏ó‡∏≠‡∏£‡πå‡πÄ‡∏ô‡πá‡∏ï,‡πÄ‡∏î‡∏∑‡∏≠‡∏ô,‡πÄ‡∏°‡∏©‡∏≤‡∏¢‡∏ô,‡∏´‡∏±‡∏Å,‡πÄ‡∏Ñ‡∏£‡∏î‡∏¥‡∏ï,AMEX,‡∏ñ‡∏≠‡∏ô‡πÄ‡∏á‡∏¥‡∏ô,‡∏ö‡∏≤‡∏ó,‡πÄ‡∏î‡∏∑‡∏≠‡∏ô,‡∏û‡∏Ñ,AIS,‡πÇ‡∏ó‡∏£,‡πÅ‡∏à‡πâ‡∏á,‡∏ß‡πà‡∏≤‡πÑ‡∏°‡πà‡πÑ‡∏î‡πâ,‡∏¢‡∏≠‡∏î,‡∏ô‡∏µ‡πâ,‡πÇ‡∏ó‡∏£,‡∏ï‡∏≤‡∏°‡∏ó‡∏µ,AMEX,‡∏ö‡∏±‡∏ï‡∏£,‡πÄ‡∏Ñ‡πâ‡∏≤,‡πÅ‡∏à‡πâ‡∏á,‡∏¢‡∏≠‡∏î,‡∏ô‡∏µ‡πâ,‡∏´‡∏±‡∏Å,AIS,‡πÄ‡∏£‡∏µ‡∏¢‡∏ö‡∏£‡πâ‡∏≠‡∏¢,‡πÇ‡∏ó‡∏£,‡∏ñ‡∏≤‡∏°,AIS,‡πÇ‡∏ó‡∏£,‡∏£‡∏≠‡∏ö,‡∏Ñ‡∏ô,‡∏Ñ‡∏≥‡∏ï‡∏≠‡∏ö,‡πÄ‡∏á‡∏¥‡∏ô,‡∏Ñ‡∏∑‡∏ô,AMEX,‡πÄ‡∏Ñ‡πâ‡∏≤,‡∏ö‡∏±‡∏ï‡∏£,‡πÅ‡∏à‡πâ‡∏á,‡∏≠‡∏µ,‡∏à‡πà‡∏≤‡∏¢,AIS,‡∏ï‡∏≤‡∏°‡∏°‡∏µ,AIS,‡πÑ‡∏°‡πà‡∏£‡∏±‡∏ö‡∏ú‡∏¥‡∏î‡∏ä‡∏≠‡∏ö,‡∏¢‡∏≠‡∏î,‡∏à‡πà‡∏≤‡∏¢,‡∏¢‡∏≠‡∏î,‡∏ô‡∏µ‡πâ,‡∏ã‡πâ‡∏≥,‡∏≠‡∏µ,‡∏Å‡∏£‡∏≠‡∏ö,‡∏≠‡πà‡∏≤,‡∏à‡πà‡∏≤‡∏¢,‡πÅ‡∏•‡πâ,‡∏ß‡∏à‡∏∞,‡∏à‡πà‡∏≤‡∏¢,‡∏ã‡πâ‡∏≥,‡∏à‡πà‡∏≤‡∏¢,‡∏ã‡∏≤‡∏Å,‡∏à‡πà‡∏≤‡∏¢,‡πÄ‡∏î‡∏∑‡∏≠‡∏ô,‡∏û‡∏Ñ,‡∏à‡πà‡∏≤‡∏¢,‡∏¢‡∏≠‡∏î,‡∏ã‡πâ‡∏≥,‡πÄ‡∏î‡∏∑‡∏≠‡∏ô,‡πÄ‡∏°‡∏≤,‡∏à‡πà‡∏≤‡∏¢,‡∏™‡∏∏‡∏î‡∏ó‡πâ‡∏≤‡∏¢,‡∏≠‡∏¥‡∏ô‡πÄ‡∏ó‡∏≠‡∏£‡πå‡πÄ‡∏ô‡πá‡∏ï,‡∏ï‡∏±‡∏î,‡∏ó‡∏≥‡∏á‡∏≤‡∏ô,‡∏£‡∏±‡∏ö‡∏ú‡∏¥‡∏î‡∏ä‡∏≠‡∏ö,‡πÄ‡∏£‡∏∑‡πà‡∏≠‡∏á,‡∏ô‡∏µ‡πâ,‡∏¢‡∏Å‡πÄ‡∏•‡∏¥‡∏Å,‡πÄ‡∏à‡πâ‡∏≤,‡∏à‡πà‡∏≤‡∏¢,‡∏ã‡πâ‡∏≥,‡∏ã‡∏ß‡∏¢"
"‡∏™‡∏ß‡∏±‡∏™‡∏î‡∏µ‡∏Ñ‡∏£‡∏±‡∏ö‡∏™‡∏°‡∏≤‡∏£‡πå‡∏ó-‡∏õ‡∏ê‡∏ß‡∏µ‡∏¢‡∏¥‡∏ô‡∏î‡∏µ‡∏ó‡∏µ‡πà‡πÑ‡∏î‡πâ‡∏î‡∏π‡πÅ‡∏•‡∏Ñ‡∏∏‡∏ì Vicki_ms ‡∏Ñ‡∏£‡∏±‡∏ö
‡πÑ‡∏°‡πà‡∏ï‡πâ‡∏≠‡∏á‡πÄ‡∏õ‡πá‡∏ô‡∏Å‡∏±‡∏á‡∏ß‡∏•‡πÄ‡∏ö‡∏∑‡πâ‡∏≠‡∏á‡∏ï‡πâ‡∏ô‡πÑ‡∏î‡πâ‡∏Ç‡∏≠‡∏Ç‡πâ‡∏≠‡∏°‡∏π‡∏•‡πÑ‡∏õ‡∏ó‡∏≤‡∏á‡∏´‡∏•‡∏±‡∏á‡πÑ‡∏°‡∏Ñ‡πå‡πÅ‡∏•‡πâ‡∏ß‡∏ô‡∏∞‡∏Ñ‡∏£‡∏±‡∏ö ‡∏´‡∏≤‡∏Å‡∏ó‡∏£‡∏≤‡∏ö‡∏Ç‡πâ‡∏≠‡∏°‡∏π‡∏•‡∏à‡∏∞‡∏î‡∏≥‡πÄ‡∏ô‡∏¥‡∏ô‡∏Å‡∏≤‡∏£‡∏ï‡∏£‡∏ß‡∏à‡∏™‡∏≠‡∏ö‡πÉ‡∏´‡πâ‡∏ó‡∏±‡∏ô‡∏ó‡∏µ‡∏Ñ‡∏£‡∏±‡∏ö
‡πÅ‡∏Å‡πâ‡πÑ‡∏Ç‡∏Ç‡πâ‡∏≠‡∏Ñ‡∏ß‡∏≤‡∏°‡πÄ‡∏°‡∏∑‡πà‡∏≠ 19 ‡∏Å‡∏£‡∏Å‡∏é‡∏≤‡∏Ñ‡∏° ‡πÄ‡∏ß‡∏•‡∏≤ 10:30 ‡∏ô.",1,"‡∏™‡∏ß‡∏±‡∏™‡∏î‡∏µ,‡∏™‡∏°‡∏≤‡∏£‡πå‡∏ó,‡∏õ‡∏ê‡∏ß‡∏µ,‡∏¢‡∏¥‡∏ô‡∏î‡∏µ,‡∏î‡∏π‡πÅ‡∏•,Vickims,‡∏°‡∏∞‡∏ï‡πâ‡∏≠‡∏á,‡πÄ‡∏õ‡πá‡∏ô‡∏Å‡∏±‡∏á‡∏ß‡∏•,‡πÄ‡∏ö‡∏∑‡πâ‡∏≠‡∏á‡∏ï‡πâ‡∏ô,‡∏Ç‡πâ‡∏≠‡∏°‡∏π‡∏•,‡πÑ‡∏°‡∏Ñ‡πå,‡∏ó‡∏£‡∏≤‡∏ö,‡∏Ç‡πâ‡∏≠‡∏°‡∏π‡∏•,‡∏î‡∏≥‡πÄ‡∏ô‡∏¥‡∏ô‡∏Å‡∏≤‡∏£,‡∏ï‡∏£‡∏ß‡∏à‡∏™‡∏≠‡∏ö,‡∏Ç‡πâ‡∏≠‡∏Ñ‡∏ß‡∏≤‡∏°,‡∏Å‡∏£‡∏Å‡∏é‡∏≤‡∏Ñ‡∏°,‡πÄ‡∏ß‡∏•‡∏≤"
"‡∏õ‡∏Å‡∏ï‡∏¥‡∏Ñ‡∏£‡∏±‡∏ö

AWN ‡πÉ‡∏´‡πâ‡∏ö‡∏£‡∏¥‡∏Å‡∏≤‡∏£‡∏ó‡∏±‡πâ‡∏á Fibre ‡πÅ‡∏•‡∏∞ 3G/4G",1,"‡∏õ‡∏Å‡∏ï‡∏¥,AWN,‡πÉ‡∏´‡πâ‡∏ö‡∏£‡∏¥‡∏Å‡∏≤‡∏£,Fibre"
‡∏£‡∏≤‡∏¢‡∏Å‡∏≤‡∏£‡πÄ‡∏Ç‡∏µ‡∏¢‡∏ô‡∏ß‡πà‡∏≤ AIS3G ‡∏≠‡∏±‡∏ô‡∏ô‡∏µ‡πâ‡∏õ‡∏£‡∏Å‡∏ï‡∏¥‡∏´‡∏£‡∏∑‡∏≠‡πÄ‡∏õ‡∏•‡πà‡∏≤,1,"‡∏†‡∏≤‡∏û‡πÄ‡∏Ç‡∏µ‡∏¢‡∏ô,AIS,‡∏õ‡∏£‡∏Å‡∏ï‡∏¥"
"747.93‡∏ö‡∏≤‡∏ó ‡∏´‡∏±‡∏Å VAT ‡∏à‡∏∞‡πÄ‡∏´‡∏•‡∏∑‡∏≠‡∏¢‡∏≠‡∏î‡πÅ‡∏û‡πá‡∏Ñ‡πÄ‡∏Å‡∏à 699.00‡∏ö‡∏≤‡∏ó

‡πÅ‡∏ï‡πà‡∏ó‡∏µ‡πà‡∏™‡∏≥‡∏Ñ‡∏±‡∏ç‡∏Ñ‡∏∑‡∏≠‡∏£‡∏∞‡∏ö‡∏ö Fiber ‡∏à‡∏∞‡πÄ‡∏£‡∏µ‡∏¢‡∏Å‡πÄ‡∏Å‡πá‡∏ö‡∏Ñ‡πà‡∏≤‡πÉ‡∏ä‡πâ‡∏à‡πà‡∏≤‡∏¢‡∏•‡πà‡∏ß‡∏á‡∏´‡∏ô‡πâ‡∏≤ ‡∏ã‡∏∂‡πà‡∏á‡∏à‡∏∞‡∏ï‡πà‡∏≤‡∏á‡∏à‡∏≤‡∏Å‡∏ö‡∏£‡∏¥‡∏Å‡∏≤‡∏£‡∏≠‡∏∑‡πà‡∏ô‡πÜ‡∏ó‡∏µ‡πà‡∏à‡∏∞‡πÄ‡∏£‡∏µ‡∏¢‡∏Å‡πÄ‡∏Å‡πá‡∏ö‡∏Ñ‡πà‡∏≤‡πÉ‡∏ä‡πâ‡∏à‡πà‡∏≤‡∏¢‡∏¢‡πâ‡∏≠‡∏ô‡∏´‡∏•‡∏±‡∏á ‡πÄ‡∏û‡∏£‡∏≤‡∏∞‡∏£‡∏∞‡∏ö‡∏ö Fiber ‡∏à‡∏∞‡πÄ‡∏õ‡πá‡∏ô‡∏Ñ‡πà‡∏≤‡πÉ‡∏ä‡πâ‡∏à‡πà‡∏≤‡∏¢‡∏Ñ‡∏á‡∏ó‡∏µ‡πà ‡∏ã‡∏∂‡πà‡∏á‡∏ï‡πà‡∏≤‡∏á‡∏Å‡∏±‡∏ö‡∏Ñ‡πà‡∏≤‡πÉ‡∏ä‡πâ‡∏à‡πà‡∏≤‡∏¢‡∏≠‡∏∑‡πà‡∏ô‡πÜ‡∏ó‡∏µ‡πà‡∏à‡∏∞‡∏°‡∏µ‡∏Ñ‡πà‡∏≤‡πÉ‡∏ä‡πâ‡∏à‡πà‡∏≤‡∏¢‡∏™‡πà‡∏ß‡∏ô‡πÄ‡∏Å‡∏¥‡∏ô‡∏´‡∏£‡∏∑‡∏≠‡∏Ñ‡πà‡∏≤‡πÉ‡∏ä‡πâ‡∏à‡πà‡∏≤‡∏¢‡∏ï‡∏≤‡∏°‡∏õ‡∏£‡∏¥‡∏°‡∏≤‡∏ì‡∏Å‡∏≤‡∏£‡πÉ‡∏ä‡πâ‡∏á‡∏≤‡∏ô
‡πÅ‡∏Å‡πâ‡πÑ‡∏Ç‡∏Ç‡πâ‡∏≠‡∏Ñ‡∏ß‡∏≤‡∏°‡πÄ‡∏°‡∏∑‡πà‡∏≠ 19 ‡∏Å‡∏£‡∏Å‡∏é‡∏≤‡∏Ñ‡∏° ‡πÄ‡∏ß‡∏•‡∏≤ 11:01 ‡∏ô.",1,"‡∏ö‡∏≤‡∏ó,‡∏´‡∏±‡∏Å,VAT,‡∏¢‡∏≠‡∏î,‡πÅ‡∏û‡πá‡∏Ñ,‡πÄ‡∏Å,‡∏à‡∏≤,‡∏ó‡∏≥,‡∏£‡∏∞‡∏ö‡∏ö,Fiber,‡∏Ñ‡πà‡∏≤‡πÉ‡∏ä‡πâ‡∏à‡πà‡∏≤‡∏¢,‡∏•‡πà‡∏ß‡∏á‡∏´‡∏ô‡πâ‡∏≤,‡∏ö‡∏£‡∏¥‡∏Å‡∏≤‡∏£,‡∏Ñ‡πà‡∏≤‡πÉ‡∏ä‡πâ‡∏à‡πà‡∏≤‡∏¢,‡∏¢‡πâ‡∏≠‡∏ô‡∏´‡∏•‡∏±‡∏á,‡∏£‡∏∞‡∏ö‡∏ö,Fiber,‡∏Ñ‡πà‡∏≤‡πÉ‡∏ä‡πâ‡∏à‡πà‡∏≤‡∏¢,‡∏Ñ‡∏á‡∏ó‡∏µ‡πà,‡∏Ñ‡πà‡∏≤‡πÉ‡∏ä‡πâ‡∏à‡πà‡∏≤‡∏¢,‡∏Ñ‡πà‡∏≤‡πÉ‡∏ä‡πâ‡∏à‡πà‡∏≤‡∏¢,‡∏•‡πà‡∏ß‡∏á‡πÄ‡∏Å‡∏¥‡∏ô,‡∏Ñ‡πà‡∏≤‡πÉ‡∏ä‡πâ‡∏à‡πà‡∏≤‡∏¢,‡∏õ‡∏£‡∏¥‡∏°‡∏≤‡∏ì,‡∏Å‡∏≤‡∏£‡πÉ‡∏ä‡πâ‡∏á‡∏≤‡∏ô,‡∏Ç‡πâ‡∏≠‡∏Ñ‡∏ß‡∏≤‡∏°,‡∏Å‡∏£‡∏Å‡∏é‡∏≤‡∏Ñ‡∏°,‡πÄ‡∏ß‡∏•‡∏≤"
"‡∏õ‡∏Å‡∏ï‡∏¥‡∏ô‡∏∞‡∏Ñ‡∏∞ ‡πÅ‡∏ï‡πà‡∏£‡∏≤‡∏¢‡∏Å‡∏≤‡∏£‡∏Ç‡∏≠‡∏á‡πÄ‡∏£‡∏≤‡∏à‡πà‡∏≤‡∏¢‡∏ú‡πà‡∏≤‡∏ô My AIS

‡πÉ‡∏ô Statement ‡∏à‡∏∞‡πÉ‡∏ä‡πâ‡∏Ñ‡∏≥‡∏ß‡πà‡∏≤ AIS 3G Postpaid_E-Service",1,"‡∏õ‡∏Å‡∏ï‡∏¥,‡∏°‡∏∞‡∏Ñ‡∏∞,‡∏à‡πà‡∏≤‡∏¢,MyAIS,Statement,AISPostpaidEService"
"‡πÑ‡∏°‡πà‡πÅ‡∏ô‡πà‡∏ß‡πà‡∏≤‡∏ï‡∏±‡∏î‡∏¢‡∏≠‡∏î‡∏ö‡∏±‡∏ç‡∏ä‡∏µ‡∏ú‡∏¥‡∏î‡∏Ñ‡∏ô‡∏´‡∏£‡∏∑‡∏≠‡πÄ‡∏õ‡∏•‡πà‡∏≤..‡πÄ‡∏•‡∏¢‡∏ó‡∏≥‡πÉ‡∏´‡πâ‡πÑ‡∏°‡πà‡∏°‡∏µ‡∏Ç‡πâ‡∏≠‡∏°‡∏π‡∏•
‡πÅ‡∏Å‡πâ‡πÑ‡∏Ç‡∏Ç‡πâ‡∏≠‡∏Ñ‡∏ß‡∏≤‡∏°‡πÄ‡∏°‡∏∑‡πà‡∏≠ 19 ‡∏Å‡∏£‡∏Å‡∏é‡∏≤‡∏Ñ‡∏° ‡πÄ‡∏ß‡∏•‡∏≤ 13:32 ‡∏ô.",-1,"‡πÅ‡∏û‡πâ,‡∏ï‡∏±‡∏î,‡∏¢‡∏≠‡∏î,‡∏ö‡∏±‡∏ç‡∏ä‡∏µ,‡∏Ç‡πâ‡∏≠‡∏°‡∏π‡∏•,‡∏Ç‡πâ‡∏≠‡∏Ñ‡∏ß‡∏≤‡∏°,‡∏Å‡∏£‡∏Å‡∏é‡∏≤‡∏Ñ‡∏°,‡πÄ‡∏ß‡∏•‡∏≤"
"‡πÑ‡∏õ‡∏ó‡∏µ‡πà‡∏ä‡πä‡∏≠‡∏õ‡∏Ñ‡∏£‡∏±‡∏ö

‡πÅ‡∏•‡∏∞‡πÉ‡∏´‡πâ‡πÄ‡∏à‡πâ‡∏≤‡∏´‡∏ô‡πâ‡∏≤‡∏ó‡∏µ‡πà reprint ‡πÉ‡∏ö‡πÄ‡∏™‡∏£‡πá‡∏à‡πÅ‡∏•‡∏∞‡πÉ‡∏ö‡πÅ‡∏à‡πâ‡∏á‡∏Ñ‡πà‡∏≤‡∏ö‡∏£‡∏¥‡∏Å‡∏≤‡∏£‡∏°‡∏≤‡πÄ‡∏ó‡∏µ‡∏¢‡∏ö‡∏Å‡∏±‡∏ô ‡∏ß‡πà‡∏≤‡πÉ‡∏ö‡πÄ‡∏™‡∏£‡πá‡∏à‡∏ô‡∏µ‡πâ‡∏ö‡πÅ‡∏à‡πà‡∏≤‡∏¢‡πÉ‡∏´‡πâ‡∏Å‡∏±‡∏ö‡πÉ‡∏ö‡πÅ‡∏à‡πâ‡∏á‡πÑ‡∏´‡∏ô ‡πÄ‡∏û‡∏£‡∏≤‡∏∞‡πÉ‡∏ô‡πÉ‡∏ö‡πÄ‡∏™‡∏£‡πá‡∏à‡∏à‡∏∞‡∏£‡∏∞‡∏ö‡∏∏‡πÄ‡∏•‡∏Ç‡∏ó‡∏µ‡πà‡πÉ‡∏ö‡πÅ‡∏à‡πâ‡∏á‡πÑ‡∏õ‡πÉ‡∏ô‡∏ô‡∏±‡πâ‡∏ô‡∏î‡πâ‡∏ß‡∏¢ ‡∏ï‡∏≤‡∏°‡πÑ‡∏°‡πà‡∏¢‡∏≤‡∏Å‡∏Ñ‡∏£‡∏±‡∏ö

‡πÄ‡∏ö‡∏∑‡πâ‡∏≠‡∏á‡∏ï‡πâ‡∏ô‡∏ñ‡πâ‡∏≤‡∏à‡∏∞‡πÉ‡∏ä‡πâ‡∏ö‡∏£‡∏¥‡∏Å‡∏≤‡∏£ ‡∏Å‡πá‡∏à‡πà‡∏≤‡∏¢‡πÄ‡∏Ç‡πâ‡∏≤‡πÑ‡∏õ‡∏Å‡πà‡∏≠‡∏ô‡∏Ñ‡∏£‡∏±‡∏ö
‡∏ñ‡πâ‡∏≤‡πÄ‡∏à‡πâ‡∏≤‡∏´‡∏ô‡πâ‡∏≤‡∏ó‡∏µ‡πà‡πÄ‡∏à‡∏≠‡∏¢‡∏≠‡∏î‡πÅ‡∏•‡πâ‡∏ß ‡∏£‡∏∞‡∏ö‡∏ö‡∏à‡∏∞ adjust ‡πÄ‡∏õ‡πá‡∏ô‡∏¢‡∏≠‡∏î advanced ‡πÄ‡∏Ç‡πâ‡∏≤‡πÑ‡∏õ‡πÉ‡∏ô account ‡πÉ‡∏´‡πâ‡∏Ñ‡∏£‡∏±‡∏ö",1,"‡∏ä‡πâ‡∏≠‡∏õ,‡πÄ‡∏à‡πâ‡∏≤‡∏´‡∏ô‡πâ‡∏≤‡∏ó‡∏µ‡πà,reprint,‡πÉ‡∏ö‡πÄ‡∏™‡∏£‡πá‡∏à,‡πÉ‡∏ö,‡πÅ‡∏à‡πâ‡∏á,‡∏Ñ‡πà‡∏≤‡∏ö‡∏£‡∏¥‡∏Å‡∏≤‡∏£,‡πÄ‡∏ó‡∏µ‡∏¢‡∏ö,‡πÉ‡∏ö‡πÄ‡∏™‡∏£‡πá‡∏à,‡∏ô‡∏µ‡πâ,‡∏à‡πà‡∏≤‡∏¢,‡πÉ‡∏ö,‡πÅ‡∏à‡πâ‡∏á,‡πÉ‡∏ö‡πÄ‡∏™‡∏£‡πá‡∏à,‡∏£‡∏∞‡∏ö‡∏∏,‡πÄ‡∏•‡∏Ç‡∏ó‡∏µ‡πà,‡πÉ‡∏ö,‡πÅ‡∏à‡πâ‡∏á,‡πÅ‡∏°‡πà‡∏¢‡∏≤‡∏¢,‡πÄ‡∏ö‡∏∑‡πâ‡∏≠‡∏á‡∏ï‡πâ‡∏ô,‡∏ö‡∏£‡∏¥‡∏Å‡∏≤‡∏£,‡∏à‡πà‡∏≤‡∏¢,‡πÄ‡∏à‡πâ‡∏≤‡∏´‡∏ô‡πâ‡∏≤‡∏ó‡∏µ‡πà,‡πÄ‡∏à‡∏≠,‡∏¢‡∏≠‡∏î,‡∏£‡∏∞‡∏ö‡∏ö,adjust,‡πÄ‡∏õ‡πá‡∏ô‡∏£‡∏≠‡∏á,advanced,account"
"‡∏ó‡∏≥‡πÑ‡∏°‡∏ñ‡∏∂‡∏á‡πÑ‡∏°‡πà‡∏™‡∏á‡∏™‡∏±‡∏¢ AMEX ‡πÅ‡∏•‡∏∞‡∏ó‡∏≥‡πÑ‡∏°‡πÑ‡∏°‡πà‡πÉ‡∏´‡πâ AMEX ‡∏ï‡∏≤‡∏°‡∏Ñ‡∏£‡∏±‡∏ö
‡∏ñ‡πâ‡∏≤‡πÄ‡∏´‡∏ï‡∏∏‡∏Å‡∏≤‡∏£‡∏ì‡πå ‡πÅ‡∏ö‡∏ö‡∏ô‡∏µ‡πâ‡πÄ‡∏Å‡∏¥‡∏î‡∏Å‡∏±‡∏ö‡∏ú‡∏° ‡∏ú‡∏°‡∏à‡∏∞‡πÑ‡∏õ‡πÑ‡∏•‡πà‡∏Å‡∏±‡∏ö AMEX ‡πÄ‡∏•‡∏¢‡∏Ñ‡∏£‡∏±‡∏ö

‡∏Ñ‡∏∏‡∏ì‡∏Ñ‡∏ô‡∏´‡∏±‡∏Å‡πÄ‡∏á‡∏¥‡∏ô ‡∏Ñ‡∏∏‡∏ì‡∏ö‡∏≠‡∏Å‡∏ß‡πà‡∏≤‡∏™‡πà‡∏á‡πÑ‡∏õ‡πÅ‡∏•‡πâ‡∏ß ‡πÅ‡∏ï‡πà‡πÑ‡∏°‡∏ñ‡∏∂‡∏á ‡∏à‡∏∞‡πÇ‡∏ó‡∏©‡πÉ‡∏Ñ‡∏£‡∏•‡∏∞
AMEX ‡∏à‡∏∞‡∏ö‡∏≠‡∏Å‡∏ß‡πà‡∏≤ ‡∏ä‡∏±‡πâ‡∏ô‡πÑ‡∏°‡πà‡πÄ‡∏Å‡∏µ‡πà‡∏¢‡∏ß ‡∏ä‡∏±‡πâ‡∏ô‡∏™‡πà‡∏á‡πÑ‡∏õ‡πÅ‡∏•‡πâ‡∏ß ‡πÑ‡∏õ‡∏ï‡∏≤‡∏°‡πÄ‡∏≠‡∏á ‡πÑ‡∏°‡πà‡∏ô‡πà‡∏à‡∏∞‡πÉ‡∏ä‡πà‡∏ô‡∏∞ AMEX ‡∏ô‡∏µ‡πà‡∏ö‡∏£‡∏¥‡∏Å‡∏≤‡∏£‡πÄ‡∏¢‡∏µ‡πà‡∏¢‡∏°‡∏¢‡∏≠‡∏î‡πÄ‡∏•‡∏¢",-1,"‡∏™‡∏á‡∏™‡∏±‡∏¢,AMEX,AMEX,‡πÄ‡∏´‡∏ï‡∏∏‡∏Å‡∏≤‡∏£‡∏ì‡πå,‡∏ú‡∏°,‡∏ú‡∏°,‡πÑ‡∏•‡πà,AMEX,‡∏Ñ‡∏ô,‡∏´‡∏±‡∏Å,‡πÄ‡∏á‡∏¥‡∏ô,‡∏ß‡πà‡∏≤‡∏™‡πà‡∏á‡πÑ‡∏õ,‡πÑ‡∏°,‡πÇ‡∏ó‡∏©,AMEX,‡∏ö‡∏≠,‡∏ä‡∏±‡πâ‡∏ô,‡πÑ‡∏°‡πà‡πÄ‡∏Å‡∏µ‡πà‡∏¢‡∏ß,‡∏ä‡∏±‡πâ‡∏ô,AMEX,‡∏ö‡∏£‡∏¥‡∏Å‡∏≤‡∏£,‡πÄ‡∏¢‡∏µ‡πà‡∏¢‡∏°‡∏¢‡∏≠‡∏î"
" ‡∏à‡∏∞‡∏™‡∏±‡πà‡∏á‡∏™‡∏¥‡∏ô‡∏Ñ‡πâ‡∏≤‡πÅ‡∏ï‡πà‡∏£‡∏≤‡∏Ñ‡∏≤‡πÄ‡∏õ‡πá‡∏ô‡∏™‡∏Å‡∏∏‡∏•..‡πÄ‡∏¢‡∏ô
‡∏ñ‡πâ‡∏≤‡∏à‡πà‡∏≤‡∏¢‡∏ú‡πà‡∏≤‡∏ô paypal ‡∏à‡∏∞‡πÅ‡∏õ‡∏•‡∏á‡∏Ñ‡πà‡∏≤‡πÄ‡∏á‡∏¥‡∏ô‡πÉ‡∏´‡πâ‡πÄ‡∏≠‡∏á‡πÑ‡∏´‡∏°

‡∏´‡∏£‡∏∑‡∏≠‡∏ó‡πà‡∏≤‡∏ô‡πÉ‡∏î‡πÄ‡∏Ñ‡∏¢‡∏ã‡∏∑‡πâ‡∏≠‡∏Å‡πá‡∏Ñ‡∏≥‡πÅ‡∏ô‡∏∞‡∏ô‡∏≥‡∏´‡∏ô‡πà‡∏≠‡∏¢‡∏Ñ‡∏£‡∏±‡∏ö",1,"‡∏™‡∏±‡πà‡∏á‡∏™‡∏¥‡∏ô‡∏Ñ‡πâ‡∏≤,‡∏£‡∏≤‡∏Ñ‡∏≤,‡∏™‡∏Å‡∏∏‡∏•,‡πÄ‡∏¢‡∏ô,‡∏à‡πà‡∏≤‡∏¢,paypal,‡πÅ‡∏õ‡∏•‡∏á,‡∏´‡∏≤‡πÄ‡∏á‡∏¥‡∏ô,‡πÑ‡∏´‡∏°,‡∏ó‡πà‡∏≤‡∏ô,‡πÉ‡∏î,‡∏ã‡∏∑‡πâ‡∏≠,‡∏Ñ‡∏≥‡πÅ‡∏ô‡∏∞‡∏ô‡∏≥"
‡∏£‡∏∞‡∏ö‡∏ö‡∏à‡∏∞‡πÅ‡∏õ‡∏•‡∏á‡πÉ‡∏´‡πâ‡πÄ‡∏≠‡∏á‡∏Ñ‡πà‡∏∞,1,"‡∏£‡∏∞‡∏ö‡∏ö,‡πÅ‡∏õ‡∏•‡∏á"
"‡∏Ç‡∏≠‡∏ö‡∏Ñ‡∏∏‡∏ì‡∏Ñ‡∏£‡∏±‡∏ö

‡∏ñ‡πâ‡∏≤‡∏™‡∏°‡∏°‡∏∏‡∏ï‡∏¥‡∏£‡∏≤‡∏Ñ‡∏≤ 80000 ‡πÄ‡∏¢‡∏ô
‡πÄ‡∏•‡∏∑‡∏≠‡∏Å‡∏à‡πà‡∏≤‡∏¢‡∏î‡πâ‡∏ß‡∏¢ PayPal
‡∏ó‡∏≤‡∏á‡∏£‡∏∞‡∏ö‡∏ö‡∏Ñ‡∏≥‡∏ô‡∏ß‡∏ì‡∏Ñ‡πà‡∏≤‡πÄ‡∏á‡∏¥‡∏ô‡∏ö‡∏≤‡∏ó‡πÉ‡∏´‡πâ‡πÄ‡∏ó‡πà‡∏≤‡∏Å‡∏±‡∏ö‡∏Ñ‡πà‡∏≤‡πÄ‡∏á‡∏¥‡∏ô‡πÄ‡∏¢‡∏ô  ‡∏ñ‡∏π‡∏Å‡∏ï‡πâ‡∏≠‡∏á‡πÑ‡∏´‡∏°‡∏Ñ‡∏£‡∏±‡∏ö

‡∏õ‡∏•. ‡∏Ñ‡∏ô‡∏ó‡∏µ‡πà‡∏£‡∏π‡πâ‡∏à‡∏±‡∏Å‡∏´‡πà‡∏≤‡∏á‡πÜ‡πÄ‡∏´‡πá‡∏ô‡πÄ‡∏Ç‡∏≤‡∏™‡∏±‡πà‡∏á‡∏ö‡πà‡∏≠‡∏¢
‡∏ó‡∏±‡πâ‡∏á‡πÜ‡∏ó‡∏µ‡πà‡πÑ‡∏°‡πà‡∏£‡∏π‡πâ‡∏†‡∏≤‡∏©‡∏≤ ( ‡∏ï‡∏£‡∏á‡∏™‡πà‡∏ß‡∏ô‡∏ô‡∏µ‡πâ‡∏¢‡∏±‡∏á‡πÄ‡∏õ‡∏•‡∏µ‡πà‡∏¢‡∏ô‡∏†‡∏≤‡∏©‡∏≤‡πÑ‡∏î‡πâ) ‡∏ñ‡∏≤‡∏°‡πÄ‡∏Ç‡∏≤‡∏Å‡πá‡πÑ‡∏°‡πà‡∏ö‡∏≠‡∏Å ‡∏à‡∏∞‡πÄ‡∏≠‡∏≤‡∏Å‡πá‡∏ù‡∏≤‡∏Å‡∏™‡∏±‡πà‡∏á‡∏Ñ‡∏∑‡∏≠‡∏á‡πà‡∏≤‡∏¢‡πÜ‡∏à‡∏∞‡∏Ñ‡∏¥‡∏î‡∏Ñ‡πà‡∏≤‡∏™‡∏±‡πà‡∏á‡∏ô‡∏∞‡∏Ñ‡∏£‡∏±‡∏ö

‡∏Ç‡∏≠‡∏ö‡∏Ñ‡∏∏‡∏ì‡∏•‡πà‡∏ß‡∏á‡∏´‡∏ô‡πâ‡∏≤‡∏Ñ‡∏£‡∏±‡∏ö",1,"‡∏Ç‡∏≠‡∏ö‡∏Ñ‡∏∏‡∏ì,‡∏™‡∏°‡∏°‡∏∏‡∏ï‡∏¥,‡∏£‡∏≤,‡∏Ñ‡∏≤‡∏¢,‡πÄ‡∏•‡∏∑‡∏≠‡∏Å,‡∏à‡πà‡∏≤‡∏¢,PayPal,‡∏£‡∏∞‡∏ö‡∏ö,‡∏Ñ‡∏≥‡∏ô‡∏ß‡∏ì,‡∏Ñ‡πà‡∏≤‡πÄ‡∏á‡∏¥‡∏ô‡∏ö‡∏≤‡∏ó,‡∏´‡∏≤‡πÄ‡∏á‡∏¥‡∏ô,‡πÄ‡∏¢‡∏ô,‡πÑ‡∏´‡∏°,‡∏õ‡∏•‡πâ‡∏ô,‡∏£‡∏π‡πâ‡∏à‡∏±‡∏Å,‡∏´‡πà‡∏≤‡∏á,‡∏™‡∏±‡πà‡∏á,‡πÑ‡∏°‡πà‡∏™‡∏π‡πâ,‡∏†‡∏≤‡∏©‡∏≤,‡∏ô‡∏µ‡πâ,‡∏†‡∏≤‡∏©‡∏≤,‡∏ñ‡∏≤‡∏°,‡∏ù‡∏≤‡∏Å,‡∏™‡∏±‡πà‡∏á,‡∏Ñ‡πà‡∏≤,‡∏™‡∏±‡πà‡∏á,‡∏Ç‡∏≠‡∏ö‡∏Ñ‡∏∏‡∏ì,‡∏•‡πà‡∏ß‡∏á‡∏´‡∏ô‡πâ‡∏≤"
‡∏£‡∏∞‡∏ö‡∏ö‡∏Ñ‡∏¥‡∏î‡πÉ‡∏´‡πâ‡∏Ñ‡πà‡∏∞ ‡∏ñ‡πâ‡∏≤‡∏à‡∏∞‡πÄ‡∏≠‡∏≤‡∏ï‡∏±‡∏ß‡πÄ‡∏•‡∏Ç‡πÄ‡∏õ‡πä‡∏∞ ‡πÜ ‡πÄ‡∏£‡∏≤‡πÑ‡∏°‡πà‡πÅ‡∏ô‡πà‡πÉ‡∏à‡∏ô‡∏∞ ‡πÄ‡∏Ñ‡∏¢‡πÄ‡∏´‡πá‡∏ô‡∏Ñ‡∏ô‡∏°‡∏≤‡∏ö‡πà‡∏ô‡∏ß‡πà‡∏≤ ‡∏≠‡∏¢‡πà‡∏≤‡∏á‡∏™‡∏±‡πà‡∏á‡∏Ç‡∏≠‡∏á‡πÉ‡∏ô Ebay ‡∏£‡∏∞‡∏ö‡∏ö Ebay ‡πÅ‡∏õ‡∏•‡∏á‡∏Ñ‡πà‡∏≤‡πÄ‡∏á‡∏¥‡∏ô‡∏î‡∏≠‡∏•‡πÄ‡∏õ‡πá‡∏ô‡∏ö‡∏≤‡∏ó‡πÄ‡∏ó‡πà‡∏≤‡∏ô‡∏µ‡πâ ‡πÅ‡∏ï‡πà‡∏ó‡∏≥‡πÑ‡∏°‡∏à‡πà‡∏≤‡∏¢‡∏î‡πâ‡∏ß‡∏¢ Paypal ‡πÇ‡∏î‡∏ô‡∏ï‡∏±‡∏î‡πÑ‡∏õ‡∏î‡πâ‡∏ß‡∏¢‡∏ï‡∏±‡∏ß‡πÄ‡∏•‡∏Ç‡∏ó‡∏µ‡πà‡πÑ‡∏°‡πà‡πÄ‡∏ó‡πà‡∏≤‡∏Å‡∏±‡∏ô‡∏Ñ‡πà‡∏∞ ‡πÅ‡∏ï‡πà‡∏°‡∏±‡∏ô‡∏Å‡πá‡πÑ‡∏°‡πà‡πÑ‡∏î‡πâ‡πÄ‡∏¢‡∏≠‡∏∞‡πÄ‡∏ó‡πà‡∏≤‡πÑ‡∏´‡∏£‡πà‡∏´‡∏£‡∏≠‡∏Å ‡∏à‡∏∏‡∏î‡∏ó‡∏®‡∏ô‡∏¥‡∏¢‡∏°‡∏Ñ‡πà‡∏∞,1,"‡∏£‡∏∞‡∏ö‡∏ö,‡∏ï‡∏±‡∏ß‡πÄ‡∏•‡∏Ç,‡πÄ‡∏õ‡πä‡∏∞,‡πÑ‡∏°‡πà‡πÅ‡∏ô‡πà‡πÉ‡∏à,‡∏Ñ‡∏ô,‡∏ï‡πà‡∏≠‡∏ß‡πà‡∏≤,‡∏™‡∏¥‡πà‡∏á‡∏Ç‡∏≠‡∏á,Ebay,‡∏£‡∏∞‡∏ö‡∏ö,Ebay,‡πÅ‡∏õ‡∏•‡∏á,‡∏´‡∏≤‡πÄ‡∏á‡∏¥‡∏ô,‡∏î‡∏≠‡∏•,‡∏ö‡∏≤‡∏ó,‡∏à‡πà‡∏≤‡∏¢,Paypal,‡πÇ‡∏î‡∏ô,‡∏ï‡∏±‡∏î,‡∏ï‡∏±‡∏ß,‡πÄ‡∏•‡∏Ç‡∏ó‡∏µ‡πà,‡∏´‡∏£‡∏≠‡∏Å,‡∏à‡∏∏‡∏î‡∏ó‡∏®‡∏ô‡∏¥‡∏¢‡∏°"
"‡∏Ç‡∏≠‡∏ö‡∏Ñ‡∏∏‡∏ì‡∏°‡∏≤‡∏Å‡πÄ‡∏•‡∏¢‡∏Ñ‡∏£‡∏±‡∏ö ‡∏Å‡∏£‡∏∞‡∏à‡πà‡∏≤‡∏á‡πÄ‡∏•‡∏¢
‡πÄ‡πÄ‡∏ï‡πà‡πÄ‡∏´‡πá‡∏ô‡∏£‡∏∞‡∏ö‡∏∏‡πÑ‡∏°‡πà‡∏™‡πà‡∏á‡∏ô‡∏≠‡∏Å‡∏õ‡∏£‡∏∞‡πÄ‡∏ó‡∏®
‡∏Å‡πá‡∏à‡∏∞‡∏•‡∏≠‡∏á‡∏™‡∏±‡πà‡∏á‡∏î‡∏π‡∏Ñ‡∏£‡∏±‡∏ö
‡πÅ‡∏ï‡πà‡∏Ñ‡∏ô‡∏ó‡∏µ‡πà‡πÄ‡∏Ç‡∏≤‡πÄ‡∏Ñ‡∏¢‡∏™‡∏±‡πà‡∏á ‡∏Å‡πá‡∏™‡∏±‡πà‡∏á‡∏à‡∏≤‡∏Å‡∏ç‡∏µ‡πà‡∏õ‡∏∏‡πà‡∏ô‡πÇ‡∏î‡∏¢‡∏ï‡∏£‡∏á‡∏´‡∏•‡∏≤‡∏¢‡∏Ñ‡∏£‡∏±‡πâ‡∏á‡πÅ‡∏•‡πâ‡∏ß
* ‡πÅ‡∏ï‡πà‡πÑ‡∏°‡πà‡∏£‡∏∏‡πâ‡πÄ‡∏ß‡πá‡∏õ‡πÄ‡∏î‡∏µ‡∏¢‡∏ß‡∏Å‡∏±‡∏ô‡πÑ‡∏´‡∏°",1,"‡∏Ç‡∏≠‡∏ö‡∏Ñ‡∏∏‡∏ì,‡∏Å‡∏£‡∏∞‡∏à‡πà‡∏≤‡∏á,‡πÄ‡∏ï‡πà,‡∏£‡∏∞‡∏ö‡∏∏,‡∏õ‡∏£‡∏∞‡πÄ‡∏ó‡∏®,‡∏•‡∏≠‡∏á,‡∏™‡∏±‡πà‡∏á,‡∏î‡∏π,‡∏Ñ‡∏ô,‡∏™‡∏±‡πà‡∏á,‡∏™‡∏±‡πà‡∏á,‡∏ç‡∏µ‡πà‡∏õ‡∏∏‡πà‡∏ô,‡πÇ‡∏î‡∏¢‡∏ï‡∏£‡∏á,‡∏´‡∏•‡∏≤‡∏¢‡∏Ñ‡∏£‡∏±‡πâ‡∏á,‡∏£‡∏∏‡πâ‡πÄ‡∏ß‡πá‡∏õ,‡πÑ‡∏´‡∏°"
‡∏Å‡πà‡∏≠‡∏ô‡∏™‡∏±‡πà‡∏á‡∏•‡∏≠‡∏á‡∏≠‡πà‡∏≤‡∏ô ‡πÜ ‡πÅ‡∏õ‡∏• ‡πÜ ‡∏î‡∏π‡∏Ñ‡πà‡∏∞ ‡∏ö‡∏≤‡∏á‡πÄ‡∏à‡πâ‡∏≤‡πÄ‡∏Ç‡∏≤‡∏Å‡πá‡πÑ‡∏°‡πà‡∏™‡πà‡∏á‡πÑ‡∏ó‡∏¢‡∏à‡∏£‡∏¥‡∏á ‡πÜ ‡∏ô‡∏∞,-1,"‡∏™‡∏±‡πà‡∏á,‡∏•‡∏≠‡∏á,‡∏≠‡πà‡∏≤‡∏ô,‡πÅ‡∏õ‡∏•,‡∏î‡∏π,‡πÄ‡∏à‡πâ‡∏≤,‡πÑ‡∏ó‡∏¢"
üòñ  ‡∏Ç‡∏≠‡∏ö‡∏Ñ‡∏∏‡∏ì‡∏Ñ‡∏£‡∏±‡∏ö,1,‡∏Ç‡∏≠‡∏ö‡∏Ñ‡∏∏‡∏ì
"‡∏°‡∏µ‡∏ó‡∏±‡πâ‡∏á‡πÅ‡∏ö‡∏ö‡πÉ‡∏´‡πâ‡πÅ‡∏õ‡∏•‡∏á ‡πÄ‡∏¢‡∏ô ‡πÄ‡∏õ‡πá‡∏ô ‡∏ö‡∏≤‡∏ó‡πÄ‡∏•‡∏¢ ‡πÅ‡∏•‡πâ‡∏ß‡∏ï‡∏±‡∏î‡∏ö‡∏±‡∏ï‡∏£‡πÄ‡∏õ‡πá‡∏ô ‡∏ö‡∏≤‡∏ó ‡∏ß‡∏¥‡∏ò‡∏µ‡∏ô‡∏µ‡πâ ‡∏à‡∏∞‡∏£‡∏π‡πâ‡πÄ‡∏•‡∏¢‡∏ß‡πà‡∏≤‡∏ñ‡∏π‡∏Å‡∏ï‡∏±‡∏î‡∏ö‡∏±‡∏ï‡∏£‡πÄ‡∏ó‡πà‡∏≤‡πÑ‡∏£
‡∏≠‡∏µ‡∏Å‡πÅ‡∏ö‡∏ö‡∏Ñ‡∏∑‡∏≠ ‡πÉ‡∏´‡πâ‡∏ï‡∏±‡∏î‡∏ö‡∏±‡∏ï‡∏£‡πÄ‡∏õ‡πá‡∏ô ‡πÄ‡∏¢‡∏ô ‡πÅ‡∏•‡πâ‡∏ß‡∏ö‡∏±‡∏ï‡∏£‡∏à‡∏∞‡πÅ‡∏õ‡∏•‡∏á ‡πÄ‡∏¢‡∏ô ‡πÄ‡∏õ‡πá‡∏ô ‡∏ö‡∏≤‡∏ó ‡∏≠‡∏µ‡∏Å‡∏ó‡∏µ ‡πÄ‡∏£‡∏≤‡∏à‡∏∞‡∏£‡∏π‡πâ‡πÄ‡∏°‡∏∑‡πà‡∏≠‡∏¢‡∏≠‡∏î‡∏Ç‡∏∂‡πâ‡∏ô‡∏°‡∏≤‡πÉ‡∏ô statement

‡πÄ‡∏£‡∏≤‡∏à‡∏∞‡πÉ‡∏ä‡πâ‡∏ö‡∏±‡∏ï‡∏£ Ktc travel card ‡πÅ‡∏•‡πâ‡∏ß‡πÅ‡∏•‡∏Å‡πÄ‡∏á‡∏¥‡∏ô‡πÉ‡∏™‡πà‡∏ö‡∏±‡∏ï‡∏£‡∏ï‡∏≤‡∏°‡∏¢‡∏≠‡∏î‡∏ó‡∏µ‡πà‡∏ã‡∏∑‡πâ‡∏≠ ‡πÅ‡∏•‡πâ‡∏ß‡πÉ‡∏´‡πâ PayPal ‡∏ï‡∏±‡∏î‡πÄ‡∏á‡∏¥‡∏ô‡πÉ‡∏ô‡∏™‡∏Å‡∏∏‡∏•‡∏ô‡∏±‡πâ‡∏ô‡πÄ‡∏•‡∏¢",1,"‡πÅ‡∏õ‡∏•‡∏á,‡πÄ‡∏¢‡∏ô,‡∏ö‡∏≤‡∏ó,‡∏ï‡∏±‡∏î,‡∏ö‡∏±‡∏ï‡∏£,‡∏ö‡∏≤‡∏ó,‡∏ß‡∏¥‡∏ò‡∏µ,‡∏ô‡∏µ‡πâ,‡∏£‡∏π‡πâ,‡∏ï‡∏±‡∏î,‡∏ö‡∏±‡∏ï‡∏£,‡∏ï‡∏±‡∏î,‡∏ö‡∏±‡∏ï‡∏£,‡πÄ‡∏¢‡∏ô,‡∏ö‡∏±‡∏ï‡∏£,‡πÅ‡∏õ‡∏•‡∏á,‡πÄ‡∏¢‡∏ô,‡∏ö‡∏≤‡∏ó,‡∏£‡∏π‡πâ,‡∏¢‡∏≠‡∏î,statement,‡∏ö‡∏±‡∏ï‡∏£,Ktctravelcard,‡∏•‡∏á‡πÄ‡∏á‡∏¥‡∏ô,‡πÉ‡∏™‡πà,‡∏ö‡∏±‡∏ï‡∏£,‡∏¢‡∏≠‡∏î,‡∏ã‡∏∑‡πâ‡∏≠,PayPal,‡∏ï‡∏±‡∏î,‡πÄ‡∏á‡∏¥‡∏ô,‡∏™‡∏Å‡∏∏‡∏•"
"‡∏Ç‡∏∂‡πâ‡∏ô‡∏Ñ‡πà‡∏≤‡πÅ‡∏£‡∏á‡πÑ‡∏õ‡∏ó‡∏≥‡πÑ‡∏°‡πÄ‡∏û‡∏£‡∏≤‡∏∞‡πÄ‡∏á‡∏¥‡∏ô‡∏ó‡∏µ‡πà‡πÑ‡∏î‡πâ‡πÑ‡∏õ‡∏Å‡πá‡∏ï‡πâ‡∏≠‡∏á‡πÑ‡∏õ‡∏à‡πà‡∏≤‡∏¢‡∏Ç‡πâ‡∏≤‡∏ß‡∏Ç‡∏≠‡∏á‡∏ó‡∏µ‡πà‡πÅ‡∏û‡∏á‡∏Ç‡∏∂‡πâ‡∏ô
1. ‡∏Ç‡∏≠‡∏ñ‡∏≤‡∏°‡πÄ‡∏á‡∏¥‡∏ô‡∏Ñ‡πà‡∏≤‡πÅ‡∏£‡∏á‡∏ó‡∏µ‡πà‡πÄ‡∏û‡∏¥‡πà‡∏°‡∏Ç‡∏∂‡πâ‡∏ô‡∏°‡∏≤‡∏à‡∏∞‡∏û‡∏≠‡πÉ‡∏ä‡πâ‡∏à‡πà‡∏≤‡∏¢‡∏Ç‡πâ‡∏≤‡∏ß‡∏Ç‡∏≠‡∏á‡∏ó‡∏µ‡πà‡∏Ç‡∏∂‡πâ‡∏ô‡∏£‡∏≤‡∏Ñ‡∏≤‡∏ï‡∏≤‡∏°‡∏°‡∏≤‡πÑ‡∏´‡∏°‡∏Ñ‡∏£‡∏±‡∏ö
‡πÑ‡∏°‡πà‡∏û‡∏≠ ‡∏Å‡∏±‡∏ö‡πÅ‡∏¢‡πà‡∏•‡∏á‡πÄ‡∏û‡∏£‡∏≤‡∏∞‡∏Ç‡πâ‡∏≤‡∏ß‡∏Ç‡∏≠‡∏á‡∏Ç‡∏∂‡πâ‡∏ô‡∏£‡∏≤‡∏Ñ‡∏≤‡∏ó‡∏∏‡∏Å‡∏≠‡∏¢‡πà‡∏≤‡∏á
‡∏û‡∏≠ ‡∏°‡∏µ‡πÄ‡∏´‡∏•‡∏∑‡∏≠‡πÄ‡∏Å‡πá‡∏ö‡∏°‡∏≤‡∏Å‡∏Å‡∏ß‡πà‡∏≤‡πÄ‡∏î‡∏¥‡∏° ‡∏Ç‡πâ‡∏≤‡∏ß‡∏Ç‡∏≠‡∏á‡∏Ç‡∏∂‡πâ‡∏ô‡∏ô‡πâ‡∏≠‡∏¢‡∏°‡∏≤‡∏Å
‡∏ï‡∏≠‡∏ö‡πÇ‡∏û‡∏• ‡∏î‡∏π‡∏ú‡∏•‡πÇ‡∏û‡∏•",-1,"‡∏Ñ‡πà‡∏≤‡πÅ‡∏£‡∏á,‡πÄ‡∏á‡∏¥‡∏ô,‡∏à‡πà‡∏≤‡∏¢,‡∏Ç‡πâ‡∏≤‡∏ß‡∏Ç‡∏≠‡∏á,‡πÅ‡∏û‡∏á,‡∏ñ‡∏≤‡∏°,‡πÄ‡∏á‡∏¥‡∏ô,‡∏Ñ‡πà‡∏≤‡πÅ‡∏£‡∏á,‡πÄ‡∏û‡∏¥‡πà‡∏°‡∏Ç‡∏∂‡πâ‡∏ô,‡πÉ‡∏ä‡πâ‡∏à‡πà‡∏≤‡∏¢,‡∏Ç‡πâ‡∏≤‡∏ß‡∏Ç‡∏≠‡∏á,‡∏Ç‡∏∂‡πâ‡∏ô‡∏£‡∏≤‡∏Ñ‡∏≤,‡∏ï‡∏≤‡∏°‡∏°‡∏µ,‡πÑ‡∏´‡∏°,‡πÅ‡∏¢‡πà,‡∏Ç‡πâ‡∏≤‡∏ß‡∏Ç‡∏≠‡∏á,‡∏Ç‡∏∂‡πâ‡∏ô‡∏£‡∏≤‡∏Ñ‡∏≤,‡πÄ‡∏î‡∏¥‡∏°,‡∏Ç‡πâ‡∏≤‡∏ß,‡∏Ç‡πâ‡∏≤‡∏á‡∏Ç‡∏∂‡πâ‡∏ô,‡∏ï‡∏≠‡∏ö,‡πÇ‡∏û‡∏•,‡∏î‡∏π,‡πÇ‡∏û‡∏•"
‡∏Ñ‡∏ô‡∏Å‡∏¥‡∏ô‡πÄ‡∏á‡∏¥‡∏ô‡πÄ‡∏î‡∏∑‡∏≠‡∏ô‡πÇ‡∏î‡∏ô‡πÑ‡∏õ‡∏î‡πâ‡∏ß‡∏¢‡∏ô‡∏∞‡∏Ñ‡∏£‡∏±‡∏ö ‡πÄ‡∏á‡∏¥‡∏ô‡πÄ‡∏î‡∏∑‡∏≠‡∏ô‡πÄ‡∏ó‡πà‡∏≤‡πÄ‡∏î‡∏¥‡∏° ‡∏ï‡πâ‡∏≠‡∏á‡∏ã‡∏∑‡πâ‡∏≠‡∏Ç‡∏≠‡∏á‡πÅ‡∏û‡∏á‡∏Ç‡∏∂‡πâ‡∏ô ‡πÄ‡∏ó‡πà‡∏≤‡∏Å‡∏±‡∏ö ‡πÄ‡∏á‡∏¥‡∏ô‡πÄ‡∏î‡∏∑‡∏≠‡∏ô‡∏ó‡∏µ‡πà‡πÑ‡∏î‡πâ‡∏Ñ‡πà‡∏≤‡∏•‡∏î‡∏•‡∏á,-1,"‡∏Ñ‡∏ô,‡∏Å‡∏¥‡∏ô,‡πÄ‡∏á‡∏¥‡∏ô‡πÄ‡∏î‡∏∑‡∏≠‡∏ô,‡πÇ‡∏î‡∏ô,‡πÄ‡∏á‡∏¥‡∏ô‡πÄ‡∏î‡∏∑‡∏≠‡∏ô,‡πÄ‡∏ó‡πà‡∏≤‡πÄ‡∏î‡∏¥‡∏°,‡∏ã‡∏∑‡πâ‡∏≠‡∏Ç‡∏≤‡∏¢,‡πÅ‡∏û‡∏á,‡πÄ‡∏á‡∏¥‡∏ô‡πÄ‡∏î‡∏∑‡∏≠‡∏ô,‡∏Ñ‡πà‡∏≤,‡∏•‡∏î‡∏•‡∏∞"
‡πÄ‡∏á‡∏¥‡∏ô‡πÄ‡∏ü‡πâ‡∏≠‡πÄ‡∏û‡∏¥‡πà‡∏°‡∏ô‡πâ‡∏≠‡∏¢ ‡πÅ‡∏ï‡πà‡∏û‡∏ß‡∏Å‡πÅ‡∏°‡πà‡∏Ñ‡πâ‡∏≤‡∏û‡πà‡∏≠‡∏Ñ‡πâ‡∏≤‡πÄ‡∏û‡∏¥‡πà‡∏°‡∏£‡∏≤‡∏Ñ‡∏≤‡∏≠‡∏≤‡∏´‡∏≤‡∏£‡∏ã‡∏∞‡∏™‡∏π‡∏á‡∏•‡∏¥‡∏ö,-1,"‡πÄ‡∏á‡∏¥‡∏ô‡πÄ‡∏ü‡πâ‡∏≠,‡πÅ‡∏°‡πà‡∏Ñ‡πâ‡∏≤,‡∏û‡πà‡∏≠‡∏Ñ‡πâ‡∏≤,‡∏£‡∏≤‡∏Ñ‡∏≤,‡∏≠‡∏≤‡∏´‡∏≤‡∏£,‡∏•‡∏¥‡∏ö"
"‡∏ñ‡πâ‡∏≤‡∏Ñ‡∏ß‡∏ö‡∏Ñ‡∏∏‡∏°‡∏£‡∏≤‡∏Ñ‡∏≤ ‡∏Ç‡πâ‡∏≤‡∏ß‡∏Ç‡∏≠‡∏á‡πÄ‡∏Ñ‡∏£‡∏∑‡πà‡∏≠‡∏á‡πÉ‡∏ä‡πâ ‡πÑ‡∏î‡πâ ‡∏à‡∏∞‡πÄ‡∏õ‡πá‡∏ô‡∏õ‡∏£‡∏∞‡πÇ‡∏¢‡∏ä‡∏ô‡πå
‡πÅ‡∏ï‡πà‡∏ñ‡πâ‡∏≤‡∏Ñ‡∏ß‡∏ö‡∏Ñ‡∏∏‡∏°‡∏£‡∏≤‡∏Ñ‡∏≤ ‡∏Ç‡πâ‡∏≤‡∏ß‡∏Ç‡∏≠‡∏á‡πÄ‡∏Ñ‡∏£‡∏∑‡πà‡∏≠‡∏á‡πÉ‡∏ä‡πâ ‡πÑ‡∏°‡πà‡πÑ‡∏î‡πâ ‡∏Ñ‡∏ô‡∏à‡∏∞‡∏≠‡∏¢‡∏π‡πà‡∏•‡∏≥‡∏ö‡∏≤‡∏Å‡∏Ç‡∏∂‡πâ‡∏ô

‡∏à‡∏≤‡∏Å‡∏ó‡∏µ‡πà‡∏ú‡πà‡∏≤‡∏ô‡πÜ ‡∏°‡∏≤ ‡∏°‡∏±‡∏Å‡∏à‡∏∞‡πÄ‡∏õ‡πá‡∏ô‡∏Ç‡πâ‡∏≠‡∏´‡∏•‡∏±‡∏á",-1,"‡∏Ñ‡∏ß‡∏ö‡∏Ñ‡∏∏‡∏°‡∏£‡∏≤‡∏Ñ‡∏≤,‡∏Ç‡πâ‡∏≤‡∏ß‡∏Ç‡∏≠‡∏á‡πÄ‡∏Ñ‡∏£‡∏∑‡πà‡∏≠‡∏á‡πÉ‡∏ä‡πâ,‡πÄ‡∏õ‡πá‡∏ô‡∏õ‡∏£‡∏∞‡πÇ‡∏¢‡∏ä‡∏ô‡πå,‡∏Ñ‡∏ß‡∏ö‡∏Ñ‡∏∏‡∏°‡∏£‡∏≤‡∏Ñ‡∏≤,‡∏Ç‡πâ‡∏≤‡∏ß‡∏Ç‡∏≠‡∏á‡πÄ‡∏Ñ‡∏£‡∏∑‡πà‡∏≠‡∏á‡πÉ‡∏ä‡πâ,‡∏Ñ‡∏ô,‡∏•‡∏≥‡∏ö‡∏≤‡∏Å,‡∏°‡∏±‡∏à‡∏à‡∏∞,‡∏Ç‡πâ‡∏≠"
‡πÅ‡∏Å‡πâ‡πÑ‡∏Ç‡∏Ç‡πâ‡∏≠‡∏Ñ‡∏ß‡∏≤‡∏°‡πÄ‡∏°‡∏∑‡πà‡∏≠ 19 ‡∏Å‡∏£‡∏Å‡∏é‡∏≤‡∏Ñ‡∏° ‡πÄ‡∏ß‡∏•‡∏≤ 11:10 ‡∏ô.,0,"‡∏Ç‡πâ‡∏≠‡∏Ñ‡∏ß‡∏≤‡∏°,‡∏Å‡∏£‡∏Å‡∏é‡∏≤‡∏Ñ‡∏°,‡πÄ‡∏ß‡∏•‡∏≤"
‡πÄ‡∏á‡∏¥‡∏ô‡πÄ‡∏î‡∏∑‡∏≠‡∏ô‡∏Ñ‡∏∏‡∏ì‡∏Å‡πá‡πÑ‡∏°‡πà‡∏Ñ‡∏ß‡∏£‡πÑ‡∏î‡πâ‡∏Ç‡∏∂‡πâ‡∏ô‡∏ô‡∏∞ ‡∏ó‡∏∏‡∏Å‡∏Ñ‡∏ô‡∏£‡∏±‡∏ö‡πÄ‡∏á‡∏¥‡∏ô‡πÄ‡∏ó‡πà‡∏≤‡πÄ‡∏î‡∏¥‡∏°‡∏ï‡∏•‡∏≠‡∏î‡πÑ‡∏õ ‡∏à‡∏∞‡πÑ‡∏î‡πâ‡πÑ‡∏°‡πà‡∏ó‡∏µ‡πÄ‡∏á‡∏¥‡∏ô‡πÄ‡∏ü‡πâ‡∏≠ ‡πÄ‡∏Ñ‡∏£‡∏õ‡∏∞,-1,"‡πÄ‡∏á‡∏¥‡∏ô‡πÄ‡∏î‡∏∑‡∏≠‡∏ô,‡∏£‡∏±‡∏ö‡πÄ‡∏ä‡∏¥‡∏ç,‡πÄ‡∏ó‡πà‡∏≤‡πÄ‡∏î‡∏¥‡∏°,‡∏ï‡πà‡∏≠‡πÑ‡∏õ,‡πÄ‡∏á‡∏¥‡∏ô‡πÄ‡∏ü‡πâ‡∏≠,‡πÄ‡∏Ñ,‡∏£‡∏ñ,‡∏õ‡∏∞"
"‡πÄ‡∏´‡πá‡∏ô‡πÇ‡∏õ‡∏£‡∏ô‡∏µ‡πâ‡πÉ‡∏ô‡πÅ‡∏≠‡∏õ ‡∏õ‡∏Å‡∏ï‡∏¥‡∏°‡∏µ‡∏ö‡∏±‡∏ï‡∏£‡∏ô‡∏¥‡∏™‡∏¥‡∏ï‡∏ó‡∏µ‡πà‡∏Å‡∏î‡πÄ‡∏á‡∏¥‡∏ô‡πÑ‡∏î‡πâ‡∏Ç‡∏≠‡∏á scb ‡∏≠‡∏¢‡∏∏‡πà
‡πÄ‡∏•‡∏¢‡∏≠‡∏¢‡∏≤‡∏Å‡∏£‡∏π‡πâ‡∏ß‡πâ‡∏≤ ‡∏Å‡∏≤‡∏£‡∏à‡∏∞‡πÄ‡∏õ‡∏•‡∏µ‡πà‡∏¢‡∏ô‡∏™‡∏≤‡∏°‡∏≤‡∏£‡∏ñ‡∏ó‡∏≥‡∏ú‡πà‡∏≤‡∏ô‡πÅ‡∏≠‡∏õ‡πÑ‡∏î‡πâ‡πÄ‡∏•‡∏¢‡∏´‡∏£‡∏∑‡∏≠‡πÄ‡∏õ‡∏•‡πà‡∏≤
‡πÄ‡∏´‡πá‡∏ô‡∏ö‡∏≠‡∏Å‡∏ß‡πà‡∏≤ ‡∏ï‡πâ‡∏≠‡∏á‡πÑ‡∏î‡πâ‡∏£‡∏±‡∏ö‡πÄ‡∏£‡∏µ‡∏¢‡∏ô‡πÄ‡∏ä‡∏¥‡∏ç ‡πÅ‡∏•‡πâ‡∏ß‡∏à‡∏∞‡∏£‡∏π‡πâ‡πÑ‡∏î‡πâ‡πÑ‡∏á‡∏ß‡πà‡∏≤‡∏ñ‡∏π‡∏Å‡πÄ‡∏ä‡∏¥‡∏ç ??",1,"‡πÇ‡∏õ‡∏£,‡∏ô‡∏µ‡πâ,‡πÅ‡∏≠,‡∏õ‡∏Å‡∏ï‡∏¥,‡∏ö‡∏±‡∏ï‡∏£,‡∏ô‡∏¥‡∏™‡∏¥‡∏ï,‡∏Å‡∏î,‡πÄ‡∏á‡∏¥‡∏ô‡πÑ‡∏î‡πâ,scb,‡∏≠‡∏¢‡∏≤‡∏Å‡∏£‡∏π‡πâ,‡∏ß‡πâ‡∏≤,‡∏ó‡∏≥,‡πÅ‡∏≠,‡∏ö‡∏≠,‡πÄ‡∏£‡∏µ‡∏¢‡∏ô‡πÄ‡∏ä‡∏¥‡∏ç,‡πÅ‡∏•‡πâ,‡∏ß‡∏à‡∏∞,‡∏£‡∏π‡πâ,‡πÄ‡∏ä‡∏¥‡∏ç"
"‡πÄ‡∏£‡∏µ‡∏¢‡∏ô ‡∏Ñ‡∏∏‡∏ì‡∏™‡∏°‡∏≤‡∏ä‡∏¥‡∏Å‡∏´‡∏°‡∏≤‡∏¢‡πÄ‡∏•‡∏Ç 4560058

‡∏™‡∏≥‡∏´‡∏£‡∏±‡∏ö‡∏Å‡∏≤‡∏£‡πÄ‡∏õ‡∏•‡∏µ‡πà‡∏¢‡∏ô‡πÅ‡∏õ‡∏•‡∏á‡∏õ‡∏£‡∏∞‡πÄ‡∏†‡∏ó‡∏ö‡∏±‡∏ï‡∏£‡πÄ‡∏î‡∏ö‡∏¥‡∏ï ‡∏à‡∏∞‡∏ï‡πâ‡∏≠‡∏á‡πÄ‡∏õ‡πá‡∏ô‡∏•‡∏π‡∏Å‡∏Ñ‡πâ‡∏≤‡∏ó‡∏µ‡πà‡∏ó‡πà‡∏≤‡∏ô‡∏ï‡πâ‡∏≠‡∏á‡∏Å‡∏≤‡∏£‡πÑ‡∏î‡πâ‡∏£‡∏±‡∏ö‡∏Å‡∏≤‡∏£‡πÄ‡∏£‡∏µ‡∏¢‡∏ô‡πÄ‡∏ä‡∏¥‡∏ç‡∏Ñ‡πà‡∏∞ ‡∏≠‡∏¢‡πà‡∏≤‡∏á‡πÑ‡∏£‡∏ò‡∏ô‡∏≤‡∏Ñ‡∏≤‡∏£‡πÉ‡∏Ñ‡∏£‡πà‡∏Ç‡∏≠‡πÄ‡∏£‡∏µ‡∏¢‡∏ô‡∏ó‡∏£‡∏≤‡∏ö‡∏ä‡∏∑‡πà‡∏≠-‡∏™‡∏Å‡∏∏‡∏• ‡πÄ‡∏ö‡∏≠‡∏£‡πå‡πÇ‡∏ó‡∏£‡∏®‡∏±‡∏û‡∏ó‡πå‡∏°‡∏∑‡∏≠‡∏ñ‡∏∑‡∏≠ ‡∏ú‡πà‡∏≤‡∏ô‡∏ä‡πà‡∏≠‡∏á‡∏ó‡∏≤‡∏á‡∏´‡∏•‡∏±‡∏á‡πÑ‡∏°‡∏Ñ‡πå ‡πÄ‡∏û‡∏∑‡πà‡∏≠‡∏õ‡∏£‡∏∞‡∏™‡∏≤‡∏ô‡∏á‡∏≤‡∏ô‡πÄ‡∏à‡πâ‡∏≤‡∏´‡∏ô‡πâ‡∏≤‡∏ó‡∏µ‡πà‡∏ï‡∏£‡∏ß‡∏à‡∏™‡∏≠‡∏ö‡∏Ç‡πâ‡∏≠‡∏°‡∏π‡∏•‡πÉ‡∏´‡πâ‡∏ó‡πà‡∏≤‡∏ô‡πÇ‡∏î‡∏¢‡∏ï‡∏£‡∏á‡∏Ñ‡∏∞

#SCB‡∏¢‡∏¥‡∏ô‡∏î‡∏µ‡∏î‡∏π‡πÅ‡∏•‡∏Ñ‡πà‡∏∞",1,"‡πÄ‡∏£‡∏µ‡∏¢‡∏ô,‡∏™‡∏°‡∏≤‡∏ä‡∏¥‡∏Å,‡∏´‡∏°‡∏≤‡∏¢‡πÄ‡∏•‡∏Ç,4,‡∏™‡∏≥‡∏´‡∏£‡∏±‡∏ö,‡∏Å‡∏≤‡∏£‡πÄ‡∏õ‡∏•‡∏µ‡πà‡∏¢‡∏ô‡πÅ‡∏õ‡∏•‡∏á,‡∏õ‡∏£‡∏∞‡πÄ‡∏†‡∏ó,‡∏ö‡∏±‡∏ï‡∏£,‡πÄ‡∏î‡∏ö‡∏¥‡∏ï,‡∏•‡∏π‡∏Å‡∏Ñ‡πâ‡∏≤,‡∏ó‡πà‡∏≤‡∏ô,‡∏ï‡πâ‡∏≠‡∏á‡∏Å‡∏≤‡∏£,‡πÄ‡∏£‡∏µ‡∏¢‡∏ô‡πÄ‡∏ä‡∏¥‡∏ç,‡∏ò‡∏ô‡∏≤‡∏Ñ‡∏≤‡∏£,‡πÄ‡∏£‡∏µ‡∏¢‡∏ô,‡∏ó‡∏£‡∏≤‡∏ö,‡∏ä‡∏∑‡πà‡∏≠‡∏™‡∏Å‡∏∏‡∏•,‡πÄ‡∏ö‡∏≠‡∏£‡πå,‡πÇ‡∏ó‡∏£‡∏®‡∏±‡∏û‡∏ó‡πå‡∏°‡∏∑‡∏≠‡∏ñ‡∏∑‡∏≠,‡∏ä‡πà‡∏≠‡∏á‡∏ó‡∏≤‡∏á,‡πÑ‡∏°‡∏Ñ‡πå,‡∏õ‡∏£‡∏∞‡∏™‡∏≤‡∏ô‡∏á‡∏≤‡∏ô,‡πÄ‡∏à‡πâ‡∏≤‡∏´‡∏ô‡πâ‡∏≤‡∏ó‡∏µ‡πà,‡∏ï‡∏£‡∏ß‡∏à‡∏™‡∏≠‡∏ö,‡∏Ç‡πâ‡∏≠‡∏°‡∏π‡∏•,‡∏ó‡πà‡∏≤‡∏ô,‡πÇ‡∏î‡∏¢‡∏ï‡∏£‡∏á,SCB,‡∏¢‡∏¥‡∏ô‡∏î‡∏µ,‡∏î‡∏π‡πÅ‡∏•"
‡∏™‡∏≤‡∏°‡∏≤‡∏£‡∏ñ‡∏ï‡∏£‡∏ß‡∏à‡∏™‡∏≠‡∏ö‡πÉ‡∏´‡πâ‡∏ú‡∏°‡∏î‡πâ‡∏ß‡∏¢‡πÑ‡∏î‡πâ‡πÑ‡∏´‡∏°‡∏Ñ‡∏£‡∏±‡∏ö‡πÜ ‡∏ß‡πà‡∏≤‡∏ú‡∏°‡πÑ‡∏î‡πâ‡∏ñ‡∏π‡∏Å‡πÄ‡∏ä‡∏¥‡∏ç‡∏´‡∏£‡∏∑‡∏≠‡πÄ‡∏õ‡∏•‡πà‡∏≤‡∏Ñ‡∏£‡∏±‡∏ö ‡∏Ç‡∏≠‡∏ö‡∏Ñ‡∏∏‡∏ì‡∏Ñ‡∏£‡∏±‡∏ö ^^,1,"‡∏ï‡∏£‡∏ß‡∏à‡∏™‡∏≠‡∏ö,‡∏ú‡∏°,‡πÑ‡∏´‡∏°,‡∏ú‡∏°,‡πÄ‡∏ä‡∏¥‡∏ç,‡∏Ç‡∏≠‡∏ö‡∏Ñ‡∏∏‡∏ì"
"‡πÄ‡∏£‡∏µ‡∏¢‡∏ô ‡∏™‡∏°‡∏≤‡∏ä‡∏¥‡∏Å‡∏´‡∏°‡∏≤‡∏¢‡πÄ‡∏•‡∏Ç784277

‡∏´‡∏≤‡∏Å‡∏™‡∏∞‡∏î‡∏ß‡∏Å ‡∏™‡∏≤‡∏°‡∏≤‡∏£‡∏ñ‡πÅ‡∏à‡πâ‡∏á‡∏ä‡∏∑‡πà‡∏≠-‡∏™‡∏Å‡∏∏‡∏• ‡∏û‡∏£‡πâ‡∏≠‡∏°‡∏´‡∏°‡∏≤‡∏¢‡πÄ‡∏•‡∏Ç‡πÇ‡∏ó‡∏£‡∏®‡∏±‡∏û‡∏ó‡∏∑ ‡∏™‡∏≤‡∏°‡∏≤‡∏£‡∏ñ‡πÅ‡∏à‡πâ‡∏á‡∏ú‡πà‡∏≤‡∏ô‡∏´‡∏•‡∏±‡∏á‡πÑ‡∏°‡∏Ñ‡πå‡πÄ‡∏û‡∏∑‡πà‡∏≠‡∏õ‡∏£‡∏∞‡∏™‡∏≤‡∏ô‡∏á‡∏≤‡∏ô‡πÄ‡∏à‡πâ‡∏≤‡∏´‡∏ô‡πâ‡∏≤‡∏ó‡∏µ‡πà‡∏ï‡∏£‡∏ß‡∏à‡∏™‡∏≠‡∏ö‡πÄ‡∏û‡∏¥‡πà‡∏°‡πÄ‡∏ï‡∏¥‡∏°‡πÉ‡∏´‡πâ‡∏Ñ‡πà‡∏∞

#SCB ‡∏Ç‡∏≠‡πÇ‡∏≠‡∏Å‡∏≤‡∏™‡∏î‡∏π‡πÅ‡∏•‡∏Å‡πà‡∏≠‡∏ô‡∏ô‡∏∞‡∏Ñ‡∏∞
#‡∏ä‡πà‡∏ß‡∏á‡∏ô‡∏µ‡πâ‡πÄ‡∏£‡∏¥‡πà‡∏°‡πÄ‡∏Ç‡πâ‡∏≤‡∏§‡∏î‡∏π‡∏ù‡∏ô‡πÅ‡∏•‡πâ‡∏ß‡∏î‡∏π‡πÅ‡∏•‡∏£‡∏±‡∏Å‡∏©‡∏≤‡∏™‡∏∏‡∏Ç‡∏†‡∏≤‡∏û‡∏î‡πâ‡∏ß‡∏¢‡∏ô‡∏∞‡∏Ñ‡∏∞",1,"‡πÄ‡∏£‡∏µ‡∏¢‡∏ô,‡∏™‡∏°‡∏≤‡∏ä‡∏¥‡∏Å,‡∏´‡∏°‡∏≤‡∏¢‡πÄ‡∏•‡∏Ç,‡∏™‡∏∞‡∏î‡∏ß‡∏Å,‡πÅ‡∏à‡πâ‡∏á,‡∏ä‡∏∑‡πà‡∏≠‡∏™‡∏Å‡∏∏‡∏•,‡∏´‡∏°‡∏≤‡∏¢‡πÄ‡∏•‡∏Ç,‡πÇ‡∏ó‡∏£,‡∏®‡∏±‡∏û‡∏ó‡∏∑‡∏™‡∏≤,‡∏£‡∏ñ,‡πÅ‡∏à‡πâ‡∏á,‡πÑ‡∏°‡∏Ñ‡πå,‡∏õ‡∏£‡∏∞‡∏™‡∏≤‡∏ô‡∏á‡∏≤‡∏ô,‡πÄ‡∏à‡πâ‡∏≤‡∏´‡∏ô‡πâ‡∏≤‡∏ó‡∏µ‡πà,‡∏ï‡∏£‡∏ß‡∏à‡∏™‡∏≠‡∏ö,SCB,‡πÇ‡∏≠‡∏Å‡∏≤‡∏™,‡∏î‡∏π‡πÅ‡∏•,‡∏°‡∏∞‡∏Ñ‡∏∞,‡∏ä‡πà‡∏ß‡∏á‡πÉ‡∏ä‡πâ,‡∏§‡∏î‡∏π,‡∏î‡∏π‡πÅ‡∏•,‡∏£‡∏±‡∏Å‡∏©‡∏≤‡∏™‡∏∏‡∏Ç‡∏†‡∏≤‡∏û,‡∏°‡∏∞‡∏Ñ‡∏∞"
‡πÅ‡∏à‡πâ‡∏á‡∏Ç‡πâ‡∏≠‡∏°‡∏π‡∏•‡πÄ‡∏£‡∏µ‡∏¢‡∏ö‡∏£‡πâ‡∏≠‡∏¢‡πÅ‡∏•‡πâ‡∏ß‡∏Ñ‡∏£‡∏±‡∏ö‡∏ú‡∏° ^^,1,"‡πÅ‡∏à‡πâ‡∏á,‡∏Ç‡πâ‡∏≠‡∏°‡∏π‡∏•,‡πÄ‡∏£‡∏µ‡∏¢‡∏ö‡∏£‡πâ‡∏≠‡∏¢"
‡πÄ‡∏õ‡∏•‡∏µ‡πà‡∏¢‡∏ô‡πÅ‡∏•‡πâ‡∏ß‡πÑ‡∏°‡πà‡πÑ‡∏î‡πâ‡∏Ñ‡πà‡∏≤‡∏ò‡∏£‡∏£‡∏°‡πÄ‡∏ô‡∏µ‡∏¢‡∏° 100 ‡∏ö‡∏≤‡∏ó ‡∏Ñ‡∏∑‡∏ô‡∏Ñ‡πà‡∏∞,-1,"‡∏Ñ‡πà‡∏≤,‡∏ò‡∏£‡∏£‡∏°,‡πÄ‡∏ô‡∏µ‡∏¢,‡∏ó‡∏≥,‡∏Ñ‡∏∑‡∏ô"
‡∏•‡πà‡∏≠‡∏ã‡∏∑‡πâ‡∏≠ ‡∏´‡∏£‡∏∑‡∏≠ ‡∏à‡∏£‡∏¥‡∏á ‡πÄ‡∏´‡πá‡∏ô‡πÄ‡∏ä‡∏µ‡∏¢‡∏£‡πå‡∏Å‡∏±‡∏ô‡∏à‡∏±‡∏á‡∏ï‡∏≠‡∏ô‡∏ô‡∏µ‡πâ,-1,"‡∏•‡πà‡∏≠,‡∏ã‡∏∑‡πâ‡∏≠,‡πÄ‡∏ä‡∏µ‡∏¢‡∏£‡πå,‡∏ï‡∏≠‡∏ô‡∏ô‡∏µ‡πâ"
‡∏£‡∏≤‡∏Ñ‡∏≤‡∏ô‡∏µ‡πâ  ‡∏Å‡∏•‡πâ‡∏≤‡πÄ‡∏Ç‡πâ‡∏≤ ‡∏Å‡πá‡∏•‡∏≠‡∏á‡πÄ‡∏•‡∏¢,1,"‡∏£‡∏≤‡∏Ñ‡∏≤,‡∏ô‡∏µ‡πâ,‡∏Å‡∏•‡πâ‡∏≤,‡∏•‡∏≠‡∏á"
‡∏ñ‡πâ‡∏≤‡∏Ñ‡∏∏‡∏° RR‡∏î‡∏µ‡∏Å‡πá‡∏û‡∏≠‡πÄ‡∏Ç‡πâ‡∏≤‡πÑ‡∏î‡πâ‡∏≠‡∏¢‡∏π‡πà,1,"‡∏Ñ‡∏∏‡∏°,‡∏î‡∏µ"
"...

[Spoil] ‡∏Ñ‡∏•‡∏¥‡∏Å‡πÄ‡∏û‡∏∑‡πà‡∏≠‡∏î‡∏π‡∏Ç‡πâ‡∏≠‡∏Ñ‡∏ß‡∏≤‡∏°‡∏ó‡∏µ‡πà‡∏ã‡πà‡∏≠‡∏ô‡πÑ‡∏ß‡πâ",0,"Spoil,‡∏Ñ‡∏•‡∏¥‡∏Å,‡∏î‡∏π,‡∏Ç‡πâ‡∏≠‡∏Ñ‡∏ß‡∏≤‡∏°,‡∏ó‡∏µ‡πà‡∏ô‡∏≠‡∏ô"
"‡∏°‡∏µ‡πÅ‡∏ï‡πà‡∏û‡∏ß‡∏Å‡πÄ‡∏°‡πà‡∏≤‡∏ä‡∏±‡πâ‡∏ô‡πÉ‡∏ï‡πâ‡∏ñ‡∏∏‡∏ô‡∏ó‡∏µ‡πà‡πÄ‡∏≠‡∏≤‡πÄ‡∏û‡∏ä‡∏£‡πÑ‡∏õ‡πÄ‡∏õ‡∏£‡∏µ‡∏¢‡∏ö‡∏Å‡∏±‡∏ö‡∏Å‡πâ‡∏≠‡∏ô‡∏Å‡∏£‡∏ß‡∏î
[Spoil] ‡∏Ñ‡∏•‡∏¥‡∏Å‡πÄ‡∏û‡∏∑‡πà‡∏≠‡∏î‡∏π‡∏Ç‡πâ‡∏≠‡∏Ñ‡∏ß‡∏≤‡∏°‡∏ó‡∏µ‡πà‡∏ã‡πà‡∏≠‡∏ô‡πÑ‡∏ß‡πâ",-1,"‡πÄ‡∏°‡πà‡∏≤,‡∏ä‡∏±‡πâ‡∏ô,‡πÉ‡∏ï‡πâ‡∏ñ‡∏∏‡∏ô,‡πÄ‡∏û‡∏ä‡∏£,‡πÄ‡∏õ‡∏£‡∏µ‡∏¢‡∏ö‡∏Å‡∏±‡∏ö,‡∏Å‡πâ‡∏≠‡∏ô‡∏Å‡∏£‡∏ß‡∏î,Spoil,‡∏Ñ‡∏•‡∏¥‡∏Å,‡∏î‡∏π,‡∏Ç‡πâ‡∏≠‡∏Ñ‡∏ß‡∏≤‡∏°,‡∏ó‡∏µ‡πà‡∏ô‡∏≠‡∏ô"
‡∏ó‡∏≥‡πÑ‡∏°‡πà‡πÑ‡∏°‡πà‡πÄ‡∏≠‡∏≤‡πÑ‡∏õ‡πÄ‡∏ó‡∏µ‡πà‡∏¢‡∏ö‡∏Å‡∏±‡∏ö KTC BTS AOT ‡∏´‡∏£‡∏∑‡∏≠  BEM ‡∏´‡∏•‡∏∞‡∏Ñ‡∏£‡∏±‡∏ö ‡∏Ç‡∏≠‡∏Ñ‡∏ß‡∏≤‡∏°‡∏£‡∏π‡πâ‡∏´‡∏ô‡πà‡∏≠‡∏¢,1,"‡∏ó‡∏≥,‡πÄ‡∏ó‡∏µ‡πà‡∏¢‡∏ß,KTCBTSAOT,BEM,‡∏´‡∏•‡∏∞,‡∏Ñ‡∏ß‡∏≤‡∏°‡∏£‡∏π‡πâ"
‡∏¢‡∏±‡∏á‡∏à‡∏∞‡∏Å‡∏•‡∏±‡∏ö‡∏°‡∏≤‡∏°‡∏±‡πâ‡∏¢‡∏ô‡∏∞,-1,
‡∏£‡∏≤‡∏Ñ‡∏≤‡∏ô‡∏µ‡πâ‡πÄ‡∏à‡πâ‡∏≤‡∏ï‡πâ‡∏≠‡∏á‡∏ó‡∏¢‡∏≠‡∏¢‡∏´‡∏≤‡∏ó‡∏≤‡∏á‡∏•‡∏á‡πÅ‡∏•‡πâ‡∏ß ‡∏à‡∏∞‡∏î‡∏±‡∏ô‡πÑ‡∏î‡πâ‡∏≠‡∏µ‡∏Å‡∏™‡∏±‡∏Å‡∏Å‡∏µ‡πà‡∏ô‡πâ‡∏≥,-1,"‡∏£‡∏≤‡∏Ñ‡∏≤,‡∏ô‡∏µ‡πâ,‡πÄ‡∏à‡πâ‡∏≤,‡∏ó‡∏¢‡∏≠‡∏¢,‡∏´‡∏≤,‡πÅ‡∏•‡πâ,‡∏ß‡∏à‡∏∞,‡∏î‡∏±‡∏ô,‡∏™‡∏±‡∏Å,‡∏Å‡∏µ‡πà,‡∏ô‡πâ‡∏≥"
‡∏£‡∏≠‡∏ï‡πà‡∏≥ 80 ‡πÅ‡∏•‡πâ‡∏ß‡∏Ñ‡πà‡∏≠‡∏¢‡∏Ñ‡∏∏‡∏¢‡∏Å‡∏±‡∏ô,1,"‡∏£‡∏≠,‡∏ï‡πà‡∏≥,‡∏Ñ‡∏∏‡∏¢"
"‡∏õ‡∏£‡∏∞‡∏™‡∏ö‡∏Å‡∏≤‡∏£‡∏ì‡πå‡∏ó‡∏µ‡πà‡πÄ‡∏Ñ‡∏¢‡∏ï‡∏¥‡∏î‡∏≠‡∏¢‡∏π‡πà 129.5 ‡∏ô‡∏∞‡∏Ñ‡∏£‡∏±‡∏ö ‡∏ï‡∏≠‡∏ô‡∏ô‡∏µ‡πâ‡∏≠‡∏¢‡πà‡∏≤‡∏ã‡∏∑‡πâ‡∏≠‡πÄ‡∏•‡∏¢ ‡∏ñ‡πâ‡∏≤‡∏à‡∏∞‡πÄ‡∏Å‡πá‡∏á‡∏Å‡∏≥‡πÑ‡∏£ 125.5‡∏ñ‡∏∂‡∏á126.5 ‡∏Ñ‡πà‡∏≠‡∏¢‡∏ã‡∏∑‡πâ‡∏≠‡∏Ñ‡∏£‡∏±‡∏ö ‡πÄ‡∏û‡∏£‡∏≤‡∏∞‡∏£‡∏≤‡∏Ñ‡∏≤‡∏™‡πà‡∏ß‡∏ô‡πÉ‡∏´‡∏ç‡πà‡∏≠‡∏¢‡∏π‡πà‡∏ó‡∏µ‡πà127-128.5 ‡∏Ñ‡∏£‡∏±‡∏ö
‡πÅ‡∏•‡∏∞‡∏¢‡∏±‡∏á‡πÑ‡∏°‡πà‡∏°‡∏µ‡∏ó‡πà‡∏≤‡∏ó‡∏µ‡∏Ç‡∏∂‡πâ‡∏ô 129.5 ‡πÅ‡∏ö‡∏ö‡∏ô‡∏≤‡∏ô‡πÜ‡πÄ‡∏•‡∏¢‡∏Ñ‡∏£‡∏±‡∏ö ‡∏ñ‡πâ‡∏≤‡∏´‡∏ß‡∏±‡∏á‡∏Å‡∏≥‡πÑ‡∏£‡πÑ‡∏°‡πà‡∏°‡∏≤‡∏Å‡∏Å‡πá‡πÄ‡∏≠‡∏≤‡πÄ‡∏•‡∏¢‡∏Ñ‡∏£‡∏±‡∏ö ‡∏à‡∏±‡∏ô‡∏ó‡∏£‡πå‡∏ô‡∏µ‡πâ‡∏ñ‡πâ‡∏≤‡∏ï‡∏Å‡∏°‡∏≤ 125.5-126
‡πÅ‡∏Å‡πâ‡πÑ‡∏Ç‡∏Ç‡πâ‡∏≠‡∏Ñ‡∏ß‡∏≤‡∏°‡πÄ‡∏°‡∏∑‡πà‡∏≠ 20 ‡∏Å‡∏£‡∏Å‡∏é‡∏≤‡∏Ñ‡∏° ‡πÄ‡∏ß‡∏•‡∏≤ 21:48 ‡∏ô.",1,"‡∏õ‡∏£‡∏∞‡∏™‡∏ö‡∏Å‡∏≤‡∏£‡∏ì‡πå,‡∏ï‡∏¥‡∏î,9,‡∏ï‡∏≠‡∏ô‡∏ô‡∏µ‡πâ,‡∏≠‡∏¢‡πà‡∏≤,‡∏ã‡∏∑‡πâ‡∏≠,‡πÄ‡∏Å‡πá‡∏á‡∏Å‡∏≥‡πÑ‡∏£,5,6,‡∏ã‡∏∑‡πâ‡∏≠,‡∏£‡∏≤‡∏Ñ‡∏≤,‡∏ó‡πà‡∏≤‡∏ó‡∏µ,9,‡∏´‡∏ß‡∏±‡∏á,‡∏Å‡∏≥‡πÑ‡∏£,‡πÄ‡∏≠‡∏≤‡πÄ‡∏•‡∏¢,‡∏à‡∏±‡∏ô‡∏ó‡∏£‡πå,‡∏ô‡∏µ‡πâ,‡∏ï‡∏Å,5,‡∏Ç‡πâ‡∏≠‡∏Ñ‡∏ß‡∏≤‡∏°,‡∏Å‡∏£‡∏Å‡∏é‡∏≤‡∏Ñ‡∏°,‡πÄ‡∏ß‡∏•‡∏≤"
"trc ‡∏à‡∏≠‡∏á‡∏ã‡∏∑‡πâ‡∏≠‡∏´‡∏∏‡πâ‡∏ô‡πÉ‡∏´‡∏°‡πà‡∏ñ‡∏∂‡∏á 22/7/2562 ‡∏£‡∏≤‡∏Ñ‡∏≤‡∏´‡∏∏‡πâ‡∏ô‡∏•‡∏∞ 0.125 ‡∏ö‡∏≤‡∏ó

‡πÉ‡∏ô‡∏Å‡∏£‡∏ì‡∏µ‡πÑ‡∏°‡πà‡∏Ñ‡∏¥‡∏î‡∏ó‡∏µ‡πà‡∏à‡∏∞‡∏à‡∏≠‡∏á‡∏ã‡∏∑‡πâ‡∏≠‡∏´‡∏∏‡πâ‡∏ô‡πÉ‡∏´‡∏°‡πà ‡πÑ‡∏°‡πà‡∏ï‡πâ‡∏≠‡∏á‡∏Å‡∏≤‡∏£‡∏ô‡∏≥‡πÄ‡∏á‡∏¥‡∏ô‡πÉ‡∏´‡∏°‡πà‡πÄ‡∏Ç‡πâ‡∏≤‡∏°‡∏≤‡∏≠‡∏µ‡∏Å ‡∏ì ‡∏£‡∏≤‡∏Ñ‡∏≤‡πÉ‡∏ô‡∏Å‡∏£‡∏∞‡∏î‡∏≤‡∏ô‡∏Ç‡∏ì‡∏∞‡∏ô‡∏µ‡πâ 10:25 ‡∏ó‡∏µ‡πà 0.15 ‡∏ö‡∏≤‡∏ó ‡∏Ç‡∏≤‡∏¢‡πÅ‡∏•‡πâ‡∏ß‡∏ô‡∏≥‡πÄ‡∏á‡∏¥‡∏ô‡πÑ‡∏õ‡∏à‡∏≠‡∏á‡∏ã‡∏∑‡πâ‡∏≠‡∏´‡∏∏‡πâ‡∏ô‡πÉ‡∏´‡∏°‡πà‡∏Å‡πá‡∏à‡∏∞‡πÑ‡∏î‡πâ‡∏™‡πà‡∏ß‡∏ô‡∏ï‡πà‡∏≤‡∏á 0.15 - 0.125 = 0.025 ‡∏ö‡∏≤‡∏ó‡∏ï‡πà‡∏≠‡∏´‡∏∏‡πâ‡∏ô ‡πÄ‡∏ä‡πà‡∏ô ‡∏°‡∏µ 1,800,000 trc ‡πÑ‡∏î‡πâ‡∏™‡∏¥‡∏ó‡∏ò‡∏¥ ‡∏ã‡∏∑‡πâ‡∏≠‡∏´‡∏∏‡πâ‡∏ô‡πÉ‡∏´‡∏°‡πà 1,000,000 trc ‡∏°‡∏µ‡∏ó‡∏≤‡∏á‡πÄ‡∏•‡∏∑‡∏≠‡∏Å

(‡πë) ‡∏Ç‡∏≤‡∏¢‡∏´‡∏∏‡πâ‡∏ô‡πÉ‡∏´‡∏°‡πà‡∏û‡∏≠‡∏£‡πå‡∏ï 1,000,000 trc ‡πÅ‡∏•‡πâ‡∏ß‡πÑ‡∏õ‡∏à‡∏≠‡∏á‡∏ï‡∏≤‡∏°‡∏™‡∏¥‡∏ó‡∏ò‡∏¥ 1,000,000 trc ‡∏à‡∏∞‡πÑ‡∏î‡πâ‡∏™‡πà‡∏ß‡∏ô‡∏ï‡πà‡∏≤‡∏á 1,000,000*0.025 = 2,500.00 ‡∏ö‡∏≤‡∏ó ‡πÑ‡∏õ‡∏•‡∏î‡∏ï‡πâ‡∏ô‡∏ó‡∏∏‡∏ô
     ‡∏´‡∏∏‡πâ‡∏ô‡πÉ‡∏ô‡∏û‡∏≠‡∏£‡πå‡∏ï ‡∏ï‡πâ‡∏≠‡∏á‡∏ó‡∏≥‡∏Ñ‡∏ß‡∏≤‡∏°‡πÄ‡∏Ç‡πâ‡∏≤‡πÉ‡∏à ‡∏´‡∏∏‡πâ‡∏ô‡πÉ‡∏´‡∏°‡πà‡∏û‡∏≠‡∏£‡πå‡∏ï‡∏à‡∏∞‡πÄ‡∏´‡∏•‡∏∑‡∏≠ 800,000 trc ‡∏™‡πà‡∏ß‡∏ô‡∏à‡∏≠‡∏á‡∏ã‡∏∑‡πâ‡∏≠‡∏´‡∏∏‡πâ‡∏ô‡πÉ‡∏´‡∏°‡πà 1,000,000 trc ‡∏à‡∏∞‡πÄ‡∏Ç‡πâ‡∏≤‡∏û‡∏≠‡∏£‡πå‡∏ï‡∏≠‡∏¢‡πà‡∏≤‡∏á‡πÄ‡∏£‡πá‡∏ß‡∏Å‡∏•‡∏≤‡∏á‡πÄ‡∏î‡∏∑‡∏≠‡∏ô‡∏´‡∏ô‡πâ‡∏≤
     ‡∏™‡∏¥‡∏á‡∏´‡∏≤‡∏Ñ‡∏° 2562; ‡∏´‡∏£‡∏∑‡∏≠

(‡πí) ‡∏Ç‡∏≤‡∏¢‡∏´‡∏∏‡πâ‡∏ô‡πÉ‡∏ô‡∏û‡∏≠‡∏£‡πå‡∏ï 1,800,000 trc ‡πÄ‡∏ï‡πá‡∏°‡∏à‡∏≥‡∏ô‡∏ß‡∏ô‡∏ó‡∏µ‡πà 0.25 ‡∏à‡∏∞‡πÑ‡∏î‡πâ‡πÄ‡∏á‡∏¥‡∏ô 450,000 ‡∏ö‡∏≤‡∏ó ‡πÑ‡∏õ‡∏à‡∏≠‡∏á‡∏ã‡∏∑‡πâ‡∏≠‡∏´‡∏∏‡πâ‡∏ô‡πÉ‡∏´‡∏°‡πà

      ‡∏Å. ‡∏ï‡∏≤‡∏°‡∏™‡∏¥‡∏ó‡∏ò‡∏¥ 1,000,000 trc @ 0.25 = 250,000.00 ‡∏ö‡∏≤‡∏ó; ‡πÅ‡∏•‡∏∞
      ‡∏Ç. ‡πÄ‡∏´‡∏•‡∏∑‡∏≠‡πÄ‡∏á‡∏¥‡∏ô 450,000 - 250,000 = 200,000 ‡∏ö‡∏≤‡∏ó ‡∏ô‡∏≥‡πÑ‡∏õ‡∏à‡∏≠‡∏á‡πÄ‡∏Å‡∏¥‡∏ô‡∏™‡∏¥‡∏ó‡∏ò‡∏¥‡∏´‡∏∏‡πâ‡∏ô‡∏•‡∏∞ 0.125 = 1,600,000 trc
          ‡πÅ‡∏ï‡πà‡∏ï‡πâ‡∏≠‡∏á‡∏ó‡∏≥‡∏Ñ‡∏ß‡∏≤‡∏°‡πÄ‡∏Ç‡πâ‡∏≤‡πÉ‡∏à ‡πÉ‡∏ô‡∏Å‡∏≤‡∏£‡∏à‡∏≠‡∏á‡πÄ‡∏Å‡∏¥‡∏ô‡∏™‡∏¥‡∏ó‡∏ò‡∏¥‡∏à‡∏∞‡πÑ‡∏î‡πâ‡∏£‡∏±‡∏ö‡∏à‡∏±‡∏î‡∏™‡∏£‡∏£

          (i) ‡πÉ‡∏ô‡∏Å‡∏£‡∏ì‡∏µ‡∏à‡∏≥‡∏ô‡∏ß‡∏ô‡∏™‡∏•‡∏∞‡∏™‡∏¥‡∏ó‡∏ò‡∏¥ ‡∏ô‡πâ‡∏≠‡∏¢‡∏Å‡∏ß‡πà‡∏≤ ‡∏à‡∏≥‡∏ô‡∏ß‡∏ô‡∏à‡∏≠‡∏á‡πÄ‡∏Å‡∏¥‡∏™‡∏¥‡∏ó‡∏ò‡∏¥ ‡∏à‡∏∞‡πÑ‡∏î‡πâ‡∏à‡∏±‡∏î‡∏™‡∏£‡∏£‡∏ï‡∏≤‡∏°‡∏™‡∏±‡∏î‡∏™‡πà‡∏ß‡∏ô‡∏Ç‡∏≠‡∏á‡∏™‡∏¥‡∏ó‡∏ò‡∏¥ ‡∏ô‡∏±‡πâ‡∏ô‡∏´‡∏°‡∏≤‡∏¢‡∏ñ‡∏∂‡∏á
               ‡∏à‡∏∞‡πÄ‡∏õ‡πá‡∏ô‡πÄ‡∏ó‡πà‡∏≤‡πÑ‡∏£‡∏Å‡πá‡πÑ‡∏î‡πâ; ‡∏´‡∏£‡∏∑‡∏≠

         (ii) ‡πÉ‡∏ô‡∏Å‡∏£‡∏ì‡∏µ‡∏à‡∏≥‡∏ô‡∏ß‡∏ô‡∏™‡∏•‡∏∞‡∏™‡∏¥‡∏ó‡∏ò‡∏∑ ‡∏°‡∏≤‡∏Å‡∏Å‡∏ß‡πà‡∏≤ ‡∏à‡∏≥‡∏ô‡∏ß‡∏ô‡∏à‡∏≠‡∏á‡πÄ‡∏Å‡∏¥‡∏ô‡∏™‡∏¥‡∏ó‡∏ò‡∏¥ ‡∏à‡∏∞‡πÑ‡∏î‡πâ‡∏£‡∏±‡∏ö‡∏à‡∏±‡∏î‡∏™‡∏£‡∏£‡∏ó‡∏µ‡πà‡∏à‡∏≠‡∏á‡πÅ‡∏•‡∏∞‡∏à‡πà‡∏≤‡∏¢‡∏Ñ‡πà‡∏≤‡∏´‡∏∏‡πâ‡∏ô‡πÑ‡∏î‡πâ‡πÄ‡∏ï‡πá‡∏°‡∏à‡∏≥‡∏ô‡∏ß‡∏ô‡∏ó‡∏µ‡πà‡∏à‡∏≠‡∏á‡πÄ‡∏Å‡∏¥‡∏ô‡∏™‡∏¥‡∏ó‡∏ò‡∏¥
               ‡∏´‡∏°‡∏≤‡∏¢‡∏ñ‡∏∂‡∏á‡∏à‡∏∞‡πÑ‡∏î‡πâ‡∏£‡∏±‡∏ö 1,600,000 trc ‡πÄ‡∏ï‡πá‡∏°‡∏à‡∏≥‡∏ô‡∏ß‡∏ô

‡∏ñ‡πâ‡∏≤‡∏ú‡∏°‡∏°‡∏µ trc ‡πÅ‡∏•‡∏∞ ‡πÑ‡∏î‡πâ‡∏™‡∏¥‡∏ó‡∏ò‡∏¥‡∏ã‡∏∑‡πâ‡∏≠‡∏´‡∏∏‡πâ‡∏ô‡πÉ‡∏´‡∏°‡πà ‡∏≠‡∏¢‡πà‡∏≤‡∏á‡∏ô‡πâ‡∏≠‡∏¢‡∏ú‡∏°‡∏à‡∏∞‡πÄ‡∏•‡∏∑‡∏≠‡∏Å ‡∏Ç‡πâ‡∏≠ (‡πë) ‡πÇ‡∏î‡∏¢‡∏à‡∏∞‡πÑ‡∏î‡πâ‡∏™‡πà‡∏ß‡∏ô‡∏ï‡πà‡∏≤‡∏á ‡πÅ‡∏•‡∏∞ ‡∏°‡∏µ‡∏à‡∏≥‡∏ô‡∏ß‡∏ô‡∏´‡∏∏‡πâ‡∏ô‡∏Ñ‡∏∑‡∏ô‡πÄ‡∏ï‡πá‡∏°‡∏à‡∏≥‡∏ô‡∏ß‡∏ô ‡∏™‡πà‡∏ß‡∏ô ‡∏Ç‡πâ‡∏≠ (‡πí) ‡∏ñ‡πâ‡∏≤‡∏ú‡∏°‡πÑ‡∏°‡πà‡∏™‡∏≤‡∏°‡∏≤‡∏£‡∏ñ‡∏£‡∏±‡∏ö‡∏Ñ‡∏ß‡∏≤‡∏°‡πÄ‡∏™‡∏µ‡πà‡∏¢‡∏á‡∏ß‡πà‡∏≤‡∏à‡∏∞‡πÑ‡∏î‡πâ‡∏™‡πà‡∏ß‡∏ô‡∏à‡∏≠‡∏á‡πÄ‡∏Å‡∏¥‡∏ô‡∏™‡∏¥‡∏ó‡∏ò‡∏¥‡πÄ‡∏ó‡πà‡∏≤‡πÑ‡∏£ ‡∏ú‡∏°‡πÑ‡∏°‡πà‡∏ó‡∏≥‡∏Ñ‡∏£‡∏±‡∏ö

‡∏î‡πâ‡∏ß‡∏¢‡∏Ñ‡∏ß‡∏≤‡∏°‡∏õ‡∏£‡∏≤‡∏£‡∏ñ‡∏ô‡∏≤‡∏î‡∏µ",1,"trc,‡∏à‡∏≠‡∏á,‡∏ã‡∏∑‡πâ‡∏≠,‡∏´‡∏∏‡πâ‡∏ô,‡∏ñ‡∏∂,‡∏á‡∏≤,‡∏Ñ‡∏≤,‡∏´‡∏∏‡πâ‡∏ô,2,‡∏ö‡∏≤‡∏ó,‡∏Å‡∏£‡∏ì‡∏µ,‡∏à‡∏≠‡∏á,‡∏ã‡∏∑‡πâ‡∏≠,‡∏´‡∏∏‡πâ‡∏ô,‡∏°‡∏∞‡∏ï‡πâ‡∏≠‡∏á,‡πÄ‡∏á‡∏¥‡∏ô,‡πÄ‡∏Ç‡πâ‡∏≤‡∏´‡∏≤,‡∏ì‡∏≤,‡∏£‡∏≤‡∏Ñ‡∏≤,‡∏Å‡∏£‡∏∞‡∏î‡∏≤‡∏ô,2,‡∏Ç‡∏≤‡∏¢,‡πÄ‡∏á‡∏¥‡∏ô,‡∏à‡∏≠‡∏á,‡∏ã‡∏∑‡πâ‡∏≠,‡∏´‡∏∏‡πâ‡∏ô,‡πÑ‡∏î‡πâ‡∏™‡πà‡∏ß‡∏ô,‡∏ï‡πà‡∏≤,‡∏á‡∏≤,‡∏ó‡∏≥,‡∏´‡∏∏‡πâ‡∏ô,‡∏™‡∏¥‡∏ó‡∏ò‡∏¥,‡∏ã‡∏∑‡πâ‡∏≠,‡∏´‡∏∏‡πâ‡∏ô,‡∏ó‡∏≤‡∏á‡πÄ‡∏•‡∏∑‡∏≠‡∏Å,‡∏´‡∏∏‡πâ‡∏ô,‡∏û‡∏≠‡∏£‡πå‡∏ï,‡∏à‡∏≠‡∏á,‡∏™‡∏¥‡∏ó‡∏ò‡∏¥,‡πÑ‡∏î‡πâ‡∏™‡πà‡∏ß‡∏ô,‡∏ï‡πà‡∏≤,‡∏á‡∏≤,‡∏ó‡∏≥,‡∏•‡∏î,‡∏ï‡πâ‡∏ô‡∏ó‡∏∏‡∏ô,‡∏´‡∏∏‡πâ‡∏ô,‡∏û‡∏≠‡∏£‡πå‡∏ï,‡∏ó‡∏≥‡∏Ñ‡∏ß‡∏≤‡∏°‡πÄ‡∏Ç‡πâ‡∏≤‡πÉ‡∏à,‡∏´‡∏∏‡πâ‡∏ô,‡∏û‡∏≠‡∏£‡πå‡∏ï,trc,‡∏à‡∏≠‡∏á,‡∏ã‡∏∑‡πâ‡∏≠,‡∏´‡∏∏‡πâ‡∏ô,‡∏û‡∏≠‡∏£‡πå‡∏ï,‡∏≠‡∏¢‡πà‡∏≤‡∏á‡πÄ‡∏£‡πá‡∏ß,‡∏Å‡∏•‡∏≤‡∏á‡πÄ‡∏î‡∏∑‡∏≠‡∏ô,‡∏´‡∏ô‡πâ‡∏≤,‡∏™‡∏¥‡∏á‡∏´‡∏≤‡∏Ñ‡∏°,2,‡∏´‡∏∏‡πâ‡∏ô,‡∏û‡∏≠‡∏£‡πå‡∏ï,‡πÄ‡∏ï‡πá‡∏°,‡∏à‡∏≥‡∏ô‡∏ß‡∏ô,‡πÑ‡∏î‡πâ‡∏¢‡∏¥‡∏ô,4,‡∏ö‡∏≤‡∏ó,‡∏à‡∏≠‡∏á,‡∏ã‡∏∑‡πâ‡∏≠,‡∏´‡∏∏‡πâ‡∏ô,‡∏™‡∏¥‡∏ó‡∏ò‡∏¥,‡∏ö‡∏≤‡∏ó,‡πÄ‡∏á‡∏¥‡∏ô,4,‡∏ö‡∏≤‡∏ó,‡∏à‡∏≠‡∏á,‡∏™‡∏¥‡∏ó‡∏ò‡∏¥,‡∏´‡∏∏‡πâ‡∏ô,2,trc,‡∏ó‡∏≥‡∏Ñ‡∏ß‡∏≤‡∏°‡πÄ‡∏Ç‡πâ‡∏≤‡πÉ‡∏à,‡∏à‡∏≠‡∏á,‡∏™‡∏¥‡∏ó‡∏ò‡∏¥,‡∏à‡∏±‡∏î‡∏™‡∏£‡∏£,‡∏Å‡∏£‡∏ì‡∏µ,‡∏à‡∏≥‡∏ô‡∏ß‡∏ô,‡∏™‡∏•‡∏∞,‡∏™‡∏¥‡∏ó‡∏ò‡∏¥,‡∏ô‡πâ‡∏≠‡∏¢‡∏´‡∏ô‡πà‡∏≤,‡∏à‡∏≥‡∏ô‡∏ß‡∏ô,‡∏à‡∏≠‡∏á,‡∏ó‡∏ò‡∏¥,‡∏à‡∏±‡∏î‡∏™‡∏£‡∏£,‡∏™‡∏±‡∏î‡∏™‡πà‡∏ß‡∏ô,‡∏™‡∏¥‡∏ó‡∏ò‡∏¥,‡∏´‡∏°‡∏≤‡∏¢‡∏ñ‡∏∂‡∏á,‡∏Å‡∏£‡∏ì‡∏µ,‡∏à‡∏≥‡∏ô‡∏ß‡∏ô,‡∏™‡∏•‡∏∞,‡∏™‡∏¥,‡∏ó‡∏ò‡∏∑‡∏°‡∏≤‡∏Å,‡∏à‡∏≥‡∏ô‡∏ß‡∏ô,‡∏à‡∏≠‡∏á,‡∏™‡∏¥‡∏ó‡∏ò‡∏¥,‡∏à‡∏±‡∏î‡∏™‡∏£‡∏£,‡∏à‡∏≠‡∏á,‡∏à‡πà‡∏≤‡∏¢,‡∏Ñ‡πà‡∏≤,‡∏´‡∏∏‡πâ‡∏ô,‡πÄ‡∏ï‡πá‡∏°,‡∏à‡∏≥‡∏ô‡∏ß‡∏ô,‡∏à‡∏≠‡∏á,‡∏™‡∏¥‡∏ó‡∏ò‡∏¥,‡∏´‡∏°‡∏≤‡∏¢‡∏ñ‡∏∂‡∏á,‡πÄ‡∏ï‡πá‡∏°,‡∏à‡∏≥‡∏ô‡∏ß‡∏ô,‡∏ú‡∏°,trc,‡∏™‡∏¥‡∏ó‡∏ò‡∏¥,‡∏ã‡∏∑‡πâ‡∏≠,‡∏´‡∏∏‡πâ‡∏ô,‡∏ú‡∏°,‡πÄ‡∏•‡∏∑‡∏≠‡∏Å,‡∏Ç‡πâ‡∏≠,‡πÑ‡∏î‡πâ‡∏™‡πà‡∏ß‡∏ô,‡∏à‡∏≥‡∏ô‡∏ß‡∏ô,‡∏´‡∏∏‡πâ‡∏ô,‡∏Ñ‡∏∑‡∏ô,‡πÄ‡∏ï‡πá‡∏°,‡∏à‡∏≥‡∏ô‡∏ß‡∏ô,‡∏≠‡πâ‡∏≤,‡∏ú‡∏°,‡∏Ñ‡∏ß‡∏≤‡∏°‡πÄ‡∏™‡∏µ‡πà‡∏¢‡∏á,‡πÑ‡∏î‡πâ‡∏™‡πà‡∏ß‡∏ô,‡∏à‡∏≠‡∏á,‡∏™‡∏¥‡∏ó‡∏ò‡∏¥,‡∏ú‡∏°,‡∏ó‡∏≥,‡∏Ñ‡∏ß‡∏≤‡∏°‡∏õ‡∏£‡∏≤‡∏£‡∏ñ‡∏ô‡∏≤‡∏î‡∏µ"
‡∏ú‡∏°‡∏•‡∏∞‡∏Å‡∏•‡∏±‡∏ß‡πÄ‡∏õ‡∏¥‡∏î‡∏á‡∏ö‡πÑ‡∏ï‡∏£‡∏°‡∏≤‡∏™ 2 ‡∏≠‡∏≠‡∏Å‡∏°‡∏≤‡∏´‡∏á‡∏≤‡∏¢‡∏´‡∏•‡∏±‡∏á‡πÄ‡∏á‡∏¥‡∏ö ‡∏û‡∏§‡∏í‡∏ï‡∏¥‡∏Å‡∏£‡∏£‡∏°‡πÄ‡∏£‡πà‡∏á‡∏£‡∏µ‡∏ö‡∏ó‡∏≥‡∏≠‡∏∞‡πÑ‡∏£‡∏Å‡πà‡∏≠‡∏ô‡∏á‡∏ö‡∏≠‡∏≠‡∏Å‡∏ô‡∏µ‡πà‡∏ô‡πà‡∏≤‡πÄ‡∏õ‡πá‡∏ô‡∏´‡πà‡∏ß‡∏á‡∏à‡∏£‡∏¥‡∏á‡πÜ ‡∏Ñ‡∏£‡∏±‡∏ö‡∏Ñ‡∏∏‡∏ì luck me ‡πÉ‡∏Ñ‡∏£‡∏à‡∏≥ demco ‡πÑ‡∏î‡πâ‡∏ö‡πâ‡∏≤‡∏á ‡∏ï‡∏±‡πâ‡∏á‡∏™‡∏≥‡∏£‡∏≠‡∏á‡∏ê‡∏≤‡∏ô‡∏Å‡∏±‡∏á‡∏´‡∏±‡∏ô‡∏•‡∏°‡∏ó‡∏µ‡πà‡∏ï‡πâ‡∏≠‡∏á‡∏£‡∏±‡∏ö‡∏ú‡∏¥‡∏î‡∏ä‡∏≠‡∏ö‡∏ã‡πà‡∏≠‡∏° ‡∏¢‡∏≤‡∏ß‡∏ï‡πà‡∏≠‡πÄ‡∏ô‡∏∑‡πà‡∏≠‡∏á‡∏°‡∏≤‡πÑ‡∏°‡πà‡∏£‡∏π‡πâ‡∏à‡∏±‡∏Å‡∏Å‡∏µ‡πà‡∏£‡∏≠‡∏ö ‡πÑ‡∏°‡πà‡∏à‡∏ö‡πÑ‡∏°‡πà‡∏™‡∏¥‡πâ‡∏ô ‡∏ú‡∏ö‡∏´. ‡∏ä‡∏≠‡∏ö‡∏û‡∏π‡∏î‡∏Ñ‡∏ß‡∏≤‡∏°‡∏à‡∏£‡∏¥‡∏á‡πÑ‡∏°‡πà‡∏´‡∏°‡∏î‡∏Ñ‡∏£‡∏±‡∏ö,-1,"‡∏ú‡∏°,‡∏Å‡∏•‡∏±‡∏ß,‡∏á‡∏ö,‡πÑ‡∏ï‡∏£‡∏°‡∏≤‡∏™,‡∏≠‡∏Å,‡∏´‡∏á‡∏≤‡∏¢‡∏´‡∏•‡∏±‡∏á,‡πÄ‡∏á‡∏¥‡∏ö,‡∏û‡∏§,‡∏ï‡∏¥,‡∏Å‡∏£‡∏£‡∏°,‡πÄ‡∏£‡πà‡∏á‡∏£‡∏µ‡∏ö,‡∏ó‡∏≥,‡∏á‡∏ö,‡∏ô‡πà‡∏≤‡πÄ‡∏õ‡πá‡∏ô‡∏´‡πà‡∏ß‡∏á,luckme,demco,‡∏™‡∏≥‡∏£‡∏≠‡∏á,‡∏ê‡∏≤‡∏ô,‡∏Å‡∏±‡∏á‡∏´‡∏±‡∏ô,‡∏£‡∏±‡∏ö‡∏ú‡∏¥‡∏î‡∏ä‡∏≠‡∏ö,‡∏ã‡πà‡∏≠‡∏°,‡∏ï‡πà‡∏≠‡πÄ‡∏ô‡∏∑‡πà‡∏≠‡∏á,‡∏£‡∏π‡πâ‡∏à‡∏±‡∏Å,‡∏Å‡∏µ‡πà,‡∏£‡∏≠‡∏ö,‡∏à‡∏ö,‡∏ú‡∏ö,‡∏´‡∏≤,‡∏ä‡∏≠‡∏ö,‡∏û‡∏π‡∏î‡∏Ñ‡∏ß‡∏≤‡∏°‡∏à‡∏£‡∏¥‡∏á"
"‡∏õ‡∏£‡∏∞‡πÄ‡∏î‡πá‡∏ô‡∏ú‡∏°‡∏≠‡∏¢‡∏π‡πà‡∏ó‡∏µ‡πà‡∏°‡∏µ trc ‡∏≠‡∏¢‡∏π‡πà‡πÉ‡∏ô‡∏°‡∏∑‡∏≠‡πÅ‡∏•‡∏∞‡πÑ‡∏î‡πâ‡∏™‡∏¥‡∏ó‡∏ò‡∏¥‡∏ã‡∏∑‡πâ‡∏≠‡∏´‡∏∏‡πâ‡∏ô‡πÉ‡∏´‡∏°‡πà‡πÅ‡∏•‡πâ‡∏ß ‡∏à‡∏∞‡∏î‡πâ‡∏ß‡∏¢‡∏™‡∏≤‡πÄ‡∏´‡∏ï‡∏∏‡πÜ‡∏ú‡∏•‡πÉ‡∏î‡πÜ‡∏Å‡πá‡∏ï‡∏≤‡∏° ‡∏à‡∏∞‡πÑ‡∏°‡πà‡∏Ç‡∏≤‡∏¢‡∏´‡∏∏‡πâ‡∏ô‡πÉ‡∏ô‡∏û‡∏≠‡∏£‡πå‡∏ï ‡πÅ‡∏™‡∏î‡∏á‡∏ß‡πà‡∏≤‡∏ï‡∏±‡∏ß‡πÄ‡∏£‡∏≤‡πÄ‡∏≠‡∏á‡∏¢‡∏≠‡∏°‡∏£‡∏±‡∏ö‡∏≠‡∏∞‡πÑ‡∏£‡∏à‡∏∞‡πÄ‡∏Å‡∏¥‡∏î‡∏Å‡πá‡∏ï‡πâ‡∏≠‡∏á‡πÄ‡∏Å‡∏¥‡∏î ‡∏ñ‡πâ‡∏≤‡πÑ‡∏°‡πà‡πÉ‡∏ä‡πâ‡∏™‡∏¥‡∏ó‡∏ò‡∏¥‡∏ã‡∏∑‡πâ‡∏≠‡∏´‡∏∏‡πâ‡∏ô‡πÉ‡∏´‡∏°‡πà‡∏ï‡∏≤‡∏°‡∏Ñ‡∏ß‡∏≤‡∏°‡πÄ‡∏´‡πá‡∏ô‡∏ú‡∏° ‡∏Ñ‡∏∏‡∏ì‡∏Å‡πá‡∏à‡∏∞‡πÑ‡∏°‡πà‡πÑ‡∏î‡πâ‡∏≠‡∏∞‡πÑ‡∏£ ‡πÉ‡∏ô‡∏Å‡∏£‡∏ì‡∏µ‡∏°‡∏µ‡∏Ñ‡∏ß‡∏≤‡∏°‡∏Å‡∏•‡∏±‡∏ß‡∏£‡πâ‡∏≠‡∏¢‡πÅ‡∏õ‡∏î‡∏û‡∏±‡∏ô‡∏õ‡∏£‡∏∞‡∏Å‡∏≤‡∏£ ‡∏ô‡πà‡∏≤‡∏à‡∏∞‡∏Ç‡∏≤‡∏¢‡∏´‡∏∏‡πâ‡∏ô‡πÉ‡∏ô‡∏û‡∏≠‡∏£‡πå‡∏ï‡πÉ‡∏´‡πâ‡∏´‡∏°‡∏î ‡πÅ‡∏•‡πâ‡∏ß ‡πÑ‡∏°‡πà‡πÉ‡∏ä‡πâ‡∏™‡∏¥‡∏ó‡∏ò‡∏¥‡∏ã‡∏∑‡πâ‡∏≠‡∏´‡∏∏‡πâ‡∏ô‡πÉ‡∏´‡∏°‡πà‡πÄ‡∏û‡∏¥‡πà‡∏°‡∏ó‡∏∏‡∏ô

‡∏î‡πâ‡∏ß‡∏¢‡∏Ñ‡∏ß‡∏≤‡∏°‡∏õ‡∏£‡∏≤‡∏£‡∏ñ‡∏ô‡∏≤‡∏î‡∏µ",1,"‡∏õ‡∏£‡∏∞‡πÄ‡∏î‡πá‡∏ô,‡∏ú‡∏°,trc,‡∏°‡∏∑‡∏≠,‡∏™‡∏¥‡∏ó‡∏ò‡∏¥,‡∏ã‡∏∑‡πâ‡∏≠,‡∏´‡∏∏‡πâ‡∏ô,‡πÅ‡∏•‡πâ,‡∏ß‡∏à‡∏∞,‡∏™‡∏≤,‡πÄ‡∏´,‡∏ï‡∏∏,‡πÉ‡∏î,‡∏Ç‡∏≤‡∏¢,‡∏´‡∏∏‡πâ‡∏ô,‡∏û‡∏≠‡∏£‡πå‡∏ï,‡πÅ‡∏™‡∏£‡πâ‡∏á‡∏ß‡πà‡∏≤,‡∏ï‡∏±‡∏ß‡πÄ‡∏£‡∏≤,‡∏™‡∏¥‡∏ó‡∏ò‡∏¥,‡∏ã‡∏∑‡πâ‡∏≠,‡∏´‡∏∏‡πâ‡∏ô,‡∏Ñ‡∏ß‡∏≤‡∏°‡πÄ‡∏£‡πá‡∏ß,‡∏ú‡∏°,‡∏Å‡∏£‡∏ì‡∏µ,‡∏Ñ‡∏ß‡∏≤‡∏°‡∏Å‡∏•‡∏±‡∏ß,‡∏£‡πâ‡∏≠‡∏¢‡πÅ‡∏õ‡∏î,‡∏û‡∏±‡∏ô,‡∏Ç‡∏≤‡∏¢,‡∏´‡∏∏‡πâ‡∏ô,‡∏û‡∏≠‡∏£‡πå‡∏ï,‡∏™‡∏¥‡∏ó‡∏ò‡∏¥,‡∏ã‡∏∑‡πâ‡∏≠,‡∏´‡∏∏‡πâ‡∏ô,‡∏ó‡∏∏‡∏ô,‡∏Ñ‡∏ß‡∏≤‡∏°‡∏õ‡∏£‡∏≤‡∏£‡∏ñ‡∏ô‡∏≤‡∏î‡∏µ"
‡∏Ç‡∏≠‡∏ö‡∏Ñ‡∏∏‡∏ì‡∏°‡∏≤‡∏Å‡∏Ñ‡∏£‡∏±‡∏ö,1,‡∏Ç‡∏≠‡∏ö‡∏Ñ‡∏∏‡∏ì
"‡∏°‡∏µ‡∏™‡∏°‡∏∏‡∏î‡∏ö‡∏±‡∏ç‡∏ä‡∏µ‡∏≠‡∏¢‡∏π‡πà‡πÄ‡∏•‡πà‡∏°‡∏ô‡∏∂‡∏á‡∏ó‡∏µ‡πà‡∏Ç‡∏∂‡πâ‡∏ô‡πÉ‡∏ô‡πÅ‡∏≠‡∏û‡∏ß‡πà‡∏≤ not available ‡πÇ‡∏î‡∏¢‡∏¢‡∏±‡∏á‡πÑ‡∏°‡πà‡∏õ‡∏¥‡∏î ‡πÅ‡∏ï‡πà‡πÄ‡∏•‡πà‡∏°‡∏≠‡∏∑‡πà‡∏ô‡∏Ç‡∏∂‡πâ‡∏ô‡πÑ‡∏î‡πâ‡∏õ‡∏Å‡∏ï‡∏¥‡∏ô‡∏∞‡∏Ñ‡∏∞

‡πÅ‡∏ö‡∏ö‡∏ô‡∏µ‡πâ‡∏•‡∏ö‡πÅ‡∏•‡πâ‡∏ß‡πÄ‡∏û‡∏¥‡πà‡∏°‡πÄ‡∏Ç‡πâ‡∏≤‡πÑ‡∏õ‡πÉ‡∏ô‡πÅ‡∏≠‡∏û‡πÉ‡∏´‡∏°‡πà ‡∏à‡∏∞‡∏´‡∏≤‡∏¢‡∏°‡∏±‡πä‡∏¢‡∏Ñ‡∏∞",1,"‡∏™‡∏°‡∏∏‡∏î‡∏ö‡∏±‡∏ç‡∏ä‡∏µ,‡πÄ‡∏•‡πà‡∏°,‡∏ô‡∏∂‡∏á,‡πÅ‡∏≠‡∏û,notavailable,‡πÄ‡∏•‡πà‡∏°,‡∏õ‡∏Å‡∏ï‡∏¥,‡∏°‡∏∞‡∏Ñ‡∏∞,‡∏•‡∏ö,‡πÅ‡∏≠‡∏û,‡∏´‡∏≤‡∏¢"
‡∏ô‡πà‡∏≤‡∏à‡∏∞‡∏ï‡πâ‡∏≠‡∏á‡∏ï‡∏¥‡∏î‡∏ï‡πà‡∏≠‡∏ò‡∏ô‡∏≤‡∏Ñ‡∏≤‡∏£   ‡πÄ‡∏î‡∏≤‡πÄ‡∏≠‡∏≤‡∏ß‡πà‡∏≤‡∏ö‡∏±‡∏ç‡∏ä‡∏µ‡∏ô‡∏±‡πâ‡∏ô‡πÑ‡∏°‡πà‡∏°‡∏µ‡∏Å‡∏≤‡∏£‡πÄ‡∏Ñ‡∏•‡∏∑‡πà‡∏≠‡∏ô‡πÑ‡∏´‡∏ß‡∏ô‡∏≤‡∏ô  ‡πÄ‡∏•‡∏¢‡∏ó‡∏≥‡∏≠‡∏∞‡πÑ‡∏£‡πÑ‡∏°‡πà‡πÑ‡∏î‡πâ   ‡∏ï‡πâ‡∏≠‡∏á‡πÄ‡∏≠‡∏≤‡∏™‡∏°‡∏∏‡∏î‡∏ö‡∏±‡∏ç‡∏ä‡∏µ‡πÑ‡∏õ‡∏ï‡∏¥‡∏î‡∏ï‡πà‡∏≠‡∏ò‡∏ô‡∏≤‡∏Ñ‡∏≤‡∏£‡πÉ‡∏´‡πâ‡∏õ‡∏•‡∏î‡∏•‡πá‡∏≠‡∏Å‡πÉ‡∏´‡πâ,1,"‡∏ï‡∏¥‡∏î‡∏ï‡πà‡∏≠,‡∏ò‡∏ô‡∏≤‡∏Ñ‡∏≤‡∏£,‡πÄ‡∏î‡∏≤,‡∏ö‡∏±‡∏ç‡∏ä‡∏µ,‡∏Å‡∏≤‡∏£‡πÄ‡∏Ñ‡∏•‡∏∑‡πà‡∏≠‡∏ô‡πÑ‡∏´‡∏ß,‡∏ó‡∏≥,‡∏™‡∏°‡∏∏‡∏î‡∏ö‡∏±‡∏ç‡∏ä‡∏µ,‡∏ï‡∏¥‡∏î‡∏ï‡πà‡∏≠,‡∏ò‡∏ô‡∏≤‡∏Ñ‡∏≤‡∏£,‡∏õ‡∏•‡∏î‡∏≠‡∏≠‡∏Å"
Cr. https://m.th.investing.com/currencies/usd-thb,0,Crhttpsmthinvestingcomcurrenciesusdthb
‡∏Ç‡∏≤‡∏¢‡πÅ‡∏•‡πâ‡∏ß‡∏Ñ‡∏£‡∏±‡∏ö,1,‡∏Ç‡∏≤‡∏¢
‡∏≠‡πà‡∏≤‡∏ß ‡πÄ‡∏•‡∏¥‡∏Å‡∏Å‡∏±‡∏á‡∏ß‡∏•‡∏Å‡∏±‡∏ô‡πÅ‡∏•‡πâ‡∏ß‡πÄ‡∏´‡∏£‡∏≠,-1,"‡∏≠‡πà‡∏≤‡∏ß,‡πÄ‡∏•‡∏¥‡∏Å,‡∏Å‡∏±‡∏á‡∏ß‡∏•,‡πÄ‡∏´‡∏£‡∏≠"
‡πÄ‡∏à‡πâ‡∏≤‡∏Å‡∏±‡∏á‡∏ß‡∏•‡∏ß‡πà‡∏≤‡∏à‡∏∞‡πÑ‡∏î‡πâ‡∏Ç‡∏≠‡∏á‡πÑ‡∏°‡πà‡∏Ñ‡∏£‡∏ö ‡∏ï‡∏≠‡∏ô‡∏ô‡∏µ‡πâ‡πÑ‡∏î‡πâ‡πÄ‡∏¢‡∏≠‡∏∞‡∏•‡∏∞ ‡∏Å‡πá‡πÄ‡∏•‡∏¢‡∏Ñ‡∏•‡∏≤‡∏¢‡∏Å‡∏±‡∏á‡∏ß‡∏•,1,"‡πÄ‡∏à‡πâ‡∏≤,‡∏Å‡∏±‡∏á‡∏ß‡∏•,‡∏ï‡∏≠‡∏ô‡∏ô‡∏µ‡πâ,‡∏Ñ‡∏•‡∏≤‡∏¢‡∏Å‡∏±‡∏á‡∏ß‡∏•"
‡∏Å‡∏±‡∏á‡∏ß‡∏•‡πÄ‡∏´‡∏°‡∏∑‡∏≠‡∏ô‡πÄ‡∏õ‡πá‡∏ô‡πÑ‡∏ö‡πÇ‡∏û‡∏•‡πà‡∏≤‡πÄ‡∏•‡∏¢‡∏ô‡∏∞‡∏Ñ‡∏±‡∏ö ‡πÄ‡∏î‡πà‡∏ß‡∏î‡∏µ‡πÄ‡∏î‡πà‡∏ß‡∏£‡πâ‡∏≤‡∏¢,-1,"‡∏Å‡∏±‡∏á‡∏ß‡∏•,‡πÄ‡∏´‡∏°‡∏∑‡∏≠‡∏ô,‡πÑ‡∏ö,‡πÇ‡∏û,‡∏•‡πà‡∏≤,‡∏Ñ‡∏±‡∏ö,‡πÄ‡∏î‡πà,‡∏ß‡∏î‡∏µ,‡πÄ‡∏î‡πà,‡∏ß‡∏á,‡∏£‡πâ‡∏≤‡∏¢"
‡∏Ñ‡∏á‡∏•‡∏≤‡∏Å‡∏ó‡∏∏‡∏ö‡∏ï‡∏£‡∏á 11.2 ‡∏≠‡∏µ‡∏Å‡∏£‡∏≠‡∏ö‡πÅ‡∏•‡πâ‡∏ß‡∏ó‡∏¥‡πâ‡∏á‡∏≠‡∏µ‡∏Å‡∏ó‡∏µ,-1,"‡∏•‡∏≤‡∏Å,‡∏ó‡∏∏‡∏ö,‡∏Å‡∏£‡∏≠‡∏ö,‡∏ó‡∏¥‡πâ‡∏á"
‡∏ñ‡πâ‡∏≤‡∏ã‡∏∑‡πâ‡∏≠‡∏ï‡∏≠‡∏ô‡∏ô‡∏µ‡πâ‡∏ú‡∏•‡∏à‡∏∞‡∏î‡∏µ‡∏´‡∏£‡∏∑‡∏≠‡πÑ‡∏°‡πà‡∏î‡∏µ ‡∏¢‡∏±‡∏á‡πÑ‡∏á‡∏ö‡πâ‡∏≤‡∏á‡∏Ñ‡∏£‡∏±‡∏ö,1,"‡∏ã‡∏∑‡πâ‡∏≠,‡∏ï‡∏≠‡∏ô‡∏ô‡∏µ‡πâ,‡∏î‡∏µ"
google,1,google
‡∏•‡∏∏‡∏Å‡πÅ‡∏•‡πâ‡∏ß‡∏ô‡∏∞...,1,‡∏•‡∏∏‡∏Å
‡πÄ‡∏ï‡πá‡∏°‡∏°‡∏π‡∏•‡∏Ñ‡πà‡∏≤‡∏™‡∏∏‡∏î‡πÜ ‡∏™‡∏•‡∏∞‡πÄ‡∏£‡∏∑‡∏≠,1,"‡πÄ‡∏ï‡πá‡∏°,‡∏°‡∏π‡∏•‡∏Ñ‡πà‡∏≤,‡∏™‡∏•‡∏∞,‡πÄ‡∏£‡∏∑‡∏≠"
‡∏î‡∏µ   ‡πÄ‡∏£‡∏∑‡∏≠‡∏à‡∏∞‡πÑ‡∏î‡πâ‡πÑ‡∏°‡πà‡∏´‡∏ô‡∏±‡∏Å  ,1,"‡∏î‡∏µ,‡πÄ‡∏£‡∏∑‡∏≠,‡∏´‡∏ô‡∏±‡∏Å"
‡∏£‡∏ß‡∏¢ ‡∏£‡∏ß‡∏¢ ‡∏£‡∏ß‡∏¢,1,"‡∏£‡∏ß‡∏¢,‡∏£‡∏ß‡∏¢,‡∏£‡∏ß‡∏¢"
‡∏û‡∏µ‡πà‡∏Å‡πâ‡∏≠‡∏á‡∏Ç‡∏≤‡∏¢‡∏´‡∏°‡∏π 55556,1,"‡∏û‡∏µ‡πà,‡∏Å‡πâ‡∏≠‡∏á,‡∏Ç‡∏≤‡∏¢,‡∏´‡∏°‡∏π,555"
"‡∏ß‡∏±‡∏ô‡∏ô‡∏µ‡πâ‡∏Å‡∏≠‡∏á‡∏ô‡πà‡∏≤‡∏à‡∏∞‡πÄ‡∏Å‡πá‡∏ö‡∏Ç‡∏≠‡∏á‡∏°‡∏±‡∏ô‡∏à‡∏∞‡∏´‡∏°‡∏î‡πÅ‡∏•‡πâ‡∏ß ‡πÄ‡∏Å‡πá‡∏ö‡∏Ç‡∏≠‡∏á‡∏ñ‡∏π‡∏Å‡∏à‡∏≤‡∏Å‡πÄ‡∏°‡πà‡∏≤‡∏Ñ‡∏±‡∏ï‡∏•‡∏≠‡∏™
‡πÄ‡∏°‡πà‡∏≤‡∏Ç‡∏≤‡∏¢ SET ‡πÄ‡∏•‡∏¢‡∏Ç‡∏∂‡πâ‡∏ô",1,"‡∏Å‡∏≠‡∏á,‡∏≠‡∏≠‡∏°,‡∏≠‡∏≠‡∏°,‡πÄ‡∏°‡πà‡∏≤,‡∏Ñ‡∏•‡∏≠,‡πÄ‡∏°‡πà‡∏≤,‡∏Ç‡∏≤‡∏¢,SET"
"‡∏Å‡∏≠‡∏á‡∏´‡∏ß‡∏á‡πÅ‡∏ï‡πà‡∏Ç‡∏≠‡∏á‡πÅ‡∏û‡∏á‡∏ó‡∏µ‡πà‡πÑ‡∏°‡πà‡∏°‡∏µ‡πÉ‡∏Ñ‡∏£‡∏≠‡∏¢‡∏≤‡∏Å‡∏£‡∏±‡∏ö‡∏ï‡πà‡∏≠
‡πÄ‡∏û‡∏∑‡πà‡∏≠‡∏ô‡πÄ‡∏°‡πà‡∏≤‡∏£‡∏∞‡∏ß‡∏±‡∏á‡∏Å‡∏±‡∏ô‡∏î‡πâ‡∏ß‡∏¢‡∏ô‡∏∞‡∏Ñ‡∏£‡∏±‡∏ö",-1,"‡∏Å‡∏≠‡∏á,‡∏´‡∏ß‡∏á,‡πÅ‡∏û‡∏á,‡πÑ‡∏°‡πà‡∏°‡∏µ‡πÉ‡∏Ñ‡∏£,‡πÄ‡∏û‡∏∑‡πà‡∏≠‡∏ô,‡πÄ‡∏°‡πà‡∏≤,‡∏£‡∏∞‡∏ß‡∏±‡∏á"
‡πÄ‡∏Å‡πâ‡∏≤‡∏≠‡∏µ‡πâ‡∏î‡∏ô‡∏ï‡∏£‡∏µ ‡∏•‡∏∏‡∏Å‡∏ó‡∏µ‡∏´‡∏•‡∏±‡∏á‡∏à‡πà‡∏≤‡∏¢‡∏£‡∏≠‡∏ö‡∏ß‡∏á‡∏ô‡∏∞,-1,"‡πÄ‡∏Å‡πâ‡∏≤‡∏≠‡∏µ‡πâ‡∏î‡∏ô‡∏ï‡∏£‡∏µ,‡∏•‡∏∏‡∏Å,‡∏ó‡∏µ‡∏´‡∏•‡∏±‡∏á,‡∏à‡πà‡∏≤‡∏¢,‡∏£‡∏≠,‡∏ö‡∏ß‡∏á"
‡∏ñ‡πâ‡∏≤‡πÄ‡∏õ‡πá‡∏ô‡∏Ñ‡∏∏‡∏ì ‡πÅ‡∏ö‡∏ö‡πÑ‡∏´‡∏ô‡∏î‡∏µ‡∏Å‡∏ß‡πà‡∏≤ ‡∏ö‡∏ô‡∏û‡∏∑‡πâ‡∏ô‡∏ê‡∏≤‡∏ô‡∏°‡∏µ‡∏Ñ‡∏ß‡∏≤‡∏°‡∏£‡∏π‡πâ‡∏ó‡∏±‡πâ‡∏á‡∏™‡∏≠‡∏á‡∏î‡πâ‡∏≤‡∏ô ‡πÅ‡∏ï‡πà‡πÉ‡∏´‡πâ‡πÄ‡∏•‡∏∑‡∏≠‡∏Å‡∏ó‡∏≥‡∏¢‡πà‡∏≤‡∏á‡πÄ‡∏î‡∏µ‡∏¢‡∏ß ‡∏Ñ‡∏∏‡∏ì‡πÄ‡∏•‡∏∑‡∏≠‡∏Å‡πÅ‡∏ö‡∏ö‡πÑ‡∏´‡∏ô ‡πÄ‡∏û‡∏£‡∏≤‡∏∞‡∏≠‡∏∞‡πÑ‡∏£,1,"‡πÄ‡∏õ‡πá‡∏ô‡∏Ñ‡∏∏‡∏ì,‡∏û‡∏∑‡πâ‡∏ô‡∏ê‡∏≤‡∏ô,‡∏Ñ‡∏ß‡∏≤‡∏°‡∏£‡∏π‡πâ,‡∏ó‡∏±‡πâ‡∏á‡∏ú‡∏≠‡∏á,‡πÄ‡∏•‡∏∑‡∏≠‡∏Å,‡∏ó‡∏≥,‡∏¢‡πà‡∏≤‡∏á,‡πÄ‡∏•‡∏∑‡∏≠‡∏Å,‡πÄ‡∏û‡∏£‡∏≤‡∏∞‡∏≠‡∏∞‡πÑ‡∏£"
‡∏´‡∏∏‡πâ‡∏£‡∏î‡∏µ‡∏ó‡∏µ‡πà‡∏™‡∏∏‡∏î ‡πÑ‡∏õ‡πÑ‡∏Å‡∏•‡∏ó‡∏µ‡πà‡∏™‡∏∏‡∏î ‡∏Ñ‡∏•‡πà‡∏≠‡∏á‡∏°‡∏≤‡∏Å‡∏ó‡∏µ‡πà‡∏™‡∏∏‡∏î‡∏Ñ‡∏£‡∏±‡∏ö,1,"‡∏´‡∏∏‡πâ‡∏ô,‡∏£‡∏î‡∏µ,‡∏Ñ‡∏•‡πà‡∏≠‡∏á"
‡∏´‡∏∏‡πâ‡∏ô‡∏õ‡∏±‡∏ô‡∏ú‡∏•,1,"‡∏´‡∏∏‡πâ‡∏ô,‡∏õ‡∏±‡∏ô‡∏ú‡∏•"
"‡∏ñ‡πâ‡∏≤‡∏°‡∏µ‡∏Ñ‡∏ß‡∏≤‡∏°‡∏£‡∏π‡πâ‡πÅ‡∏•‡∏∞‡πÄ‡∏ä‡∏µ‡πà‡∏¢‡∏ß‡∏ä‡∏≤‡∏ç‡∏à‡∏£‡∏¥‡∏á‡πÜ ‡∏£‡∏ß‡∏°‡∏ñ‡∏∂‡∏á‡∏ö‡∏£‡∏¥‡∏´‡∏≤‡∏£‡∏à‡∏±‡∏î‡∏Å‡∏≤‡∏£‡∏Ñ‡∏ß‡∏≤‡∏°‡πÄ‡∏™‡∏µ‡πà‡∏¢‡∏á‡πÑ‡∏î‡πâ‡πÄ‡∏Å‡πà‡∏á (‡∏¢‡πâ‡∏≥‡∏õ‡∏£‡∏∞‡πÇ‡∏¢‡∏Ñ‡∏ô‡∏µ‡πâ‡∏≠‡∏µ‡∏Å 3 ‡∏£‡∏≠‡∏ö)
‡∏ú‡∏°‡∏à‡∏∞‡πÄ‡∏•‡∏∑‡∏≠‡∏Å‡∏ó‡∏£‡∏±‡∏û‡∏¢‡πå‡∏™‡∏¥‡∏ô‡∏ó‡∏µ‡πà‡∏°‡∏µ‡πÇ‡∏≠‡∏Å‡∏≤‡∏™‡πÉ‡∏´‡πâ‡∏ú‡∏•‡∏ï‡∏≠‡∏ö‡πÅ‡∏ó‡∏ô‡∏™‡∏π‡∏á‡∏ó‡∏µ‡πà‡∏™‡∏∏‡∏î‡∏Ñ‡∏£‡∏±‡∏ö
‡∏ñ‡πâ‡∏≤‡∏à‡∏≤‡∏Å‡πÇ‡∏à‡∏ó‡∏¢‡πå‡∏û‡∏µ‡πà ‡∏à‡∏Ç‡∏Å‡∏ó ‡∏Å‡πá‡∏Ñ‡∏∑‡∏≠ ‡∏´‡∏∏‡πâ‡∏ô‡πÄ‡∏ï‡∏¥‡∏ö‡πÇ‡∏ï",1,"‡∏Ñ‡∏ß‡∏≤‡∏°‡∏£‡∏π‡πâ,‡πÄ‡∏ä‡∏µ‡πà‡∏¢‡∏ß‡∏ä‡∏≤‡∏ç,‡∏ö‡∏£‡∏¥‡∏´‡∏≤‡∏£,‡∏Ñ‡∏ß‡∏≤‡∏°‡πÄ‡∏™‡∏µ‡πà‡∏¢‡∏á,‡πÄ‡∏Å‡πà‡∏á,‡∏¢‡πâ‡∏≥,‡∏õ‡∏£‡∏∞‡πÇ‡∏¢‡∏Ñ,‡∏ô‡∏µ‡πâ,‡∏≠‡∏µ,‡∏Å‡∏≠‡∏ö,‡∏ú‡∏°,‡πÄ‡∏•‡∏∑‡∏≠‡∏Å,‡∏ó‡∏£‡∏±‡∏û‡∏¢‡πå‡∏™‡∏¥‡∏ô,‡πÇ‡∏≠‡∏Å‡∏≤‡∏™,‡∏ú‡∏•‡∏ï‡∏≠‡∏ö‡πÅ‡∏ó‡∏ô,‡πÇ‡∏à‡∏ó‡∏¢‡πå,‡∏û‡∏µ‡πà,‡∏´‡∏∏‡πâ‡∏ô,‡πÄ‡∏ï‡∏¥‡∏ö‡πÇ‡∏ï"
‡∏ó‡∏µ‡πà‡∏¥‡∏î‡∏¥‡∏ô,1,"‡∏™‡∏¥,‡∏î‡∏¥‡∏ô"
‡∏´‡∏•‡∏≠‡∏Å‡πÉ‡∏´‡πâ‡∏°‡∏≤‡∏£‡∏±‡∏ö‡πÄ‡∏û‡∏£‡∏≤‡∏∞‡πÄ‡∏à‡πâ‡∏≤‡∏£‡∏±‡∏ö‡∏°‡∏≤‡πÄ‡∏ï‡πá‡∏°‡∏°‡∏∑‡∏≠ ‡πÅ‡∏ï‡πà‡∏Ç‡∏≤‡∏¢‡πÑ‡∏°‡πà‡∏≠‡∏≠‡∏Å ‡∏Å‡πà‡∏≠‡∏ô‡∏ñ‡∏π‡∏Å‡∏Ç‡∏±‡∏á‡∏¢‡∏≤‡∏ß‡∏´‡∏°‡∏∑‡πà‡∏ô‡πÜ‡∏õ‡∏µ,-1,"‡∏´‡∏•‡∏≠‡∏Å,‡πÄ‡∏à‡πâ‡∏≤,‡πÄ‡∏ï‡πá‡∏°‡∏°‡∏∑‡∏≠,‡∏Ç‡∏≤‡∏¢‡πÑ‡∏°‡πà‡∏≠‡∏≠‡∏Å,‡∏Ç‡∏±‡∏á,‡∏´‡∏°‡∏∑‡πà‡∏ô,‡∏õ‡∏µ"
"‡∏Ç‡∏≠‡πÉ‡∏´‡πâ‡πÄ‡∏Ç‡πâ‡∏≤‡πÉ‡∏à‡∏ï‡∏£‡∏á‡∏Å‡∏±‡∏ô ifec ‡∏Å‡∏•‡∏±‡∏ö‡∏°‡∏≤‡∏ã‡∏∑‡πâ‡∏≠‡∏Ç‡∏≤‡∏¢‡∏ä‡∏±‡πà‡∏ß‡∏Ñ‡∏£‡∏≤‡∏ß‡∏ñ‡∏∂‡∏á 31/7/2562 ‡∏´‡∏•‡∏±‡∏á‡∏à‡∏≤‡∏Å‡∏ô‡∏±‡πâ‡∏ô‡∏ï‡πâ‡∏≠‡∏á‡∏Å‡∏•‡∏±‡∏ö‡πÄ‡∏Ç‡πâ‡∏≤‡∏Ñ‡∏∏‡∏Å‡∏ï‡πà‡∏≠ ‡∏à‡∏ô ‡∏™‡∏≤‡∏°‡∏≤‡∏£‡∏ñ‡∏™‡πà‡∏á‡∏á‡∏ö‡∏Å‡∏≤‡∏£‡πÄ‡∏á‡∏¥‡∏ô‡∏Ñ‡∏£‡∏ö‡∏ó‡∏∏‡∏Å‡πÜ‡πÑ‡∏ï‡∏£‡∏°‡∏≤‡∏™ : ‡πÑ‡∏°‡πà‡πÑ‡∏î‡πâ‡∏™‡πà‡∏á‡∏á‡∏ö‡∏ï‡∏±‡πâ‡∏á‡πÅ‡∏ï‡πà 1/2560 ‡∏ñ‡∏∂‡∏á ‡∏õ‡∏±‡∏à‡∏à‡∏∏‡∏ö‡∏±‡∏ô"" ‡∏ô‡πà‡∏≤‡∏à‡∏∞‡∏°‡∏≤‡∏à‡∏≤‡∏Å‡∏°‡∏µ‡∏≠‡∏∞‡πÑ‡∏£‡πÑ‡∏°‡πà‡∏ä‡∏≠‡∏ö‡πÉ‡∏ô‡∏ö‡∏£‡∏¥‡∏©‡∏±‡∏ó‡∏°‡∏µ‡∏õ‡∏±‡∏ç‡∏´‡∏≤‡∏Å‡∏±‡∏ö‡∏á‡∏ö‡∏Å‡∏≤‡∏£‡πÄ‡∏á‡∏¥‡∏ô ‡∏à‡∏≤‡∏Å‡∏Ç‡πà‡∏≤‡∏ß‡∏™‡∏≤‡∏£‡∏ó‡∏µ‡πà‡πÄ‡∏£‡∏≤‡∏£‡∏π‡πâ‡πÜ‡∏Å‡∏±‡∏ô ‡∏ô‡πà‡∏≤‡∏à‡∏∞‡∏≠‡∏≠‡∏Å‡∏°‡∏≤‡∏Ç‡∏≤‡∏î‡∏ó‡∏∏‡∏ô ‡∏ñ‡πâ‡∏≤‡πÉ‡∏ô‡∏õ‡∏µ 2560 & 2561 ‡∏Ç‡∏≤‡∏î‡∏ó‡∏∏‡∏ô‡πÉ‡∏ô‡∏≠‡∏±‡∏ï‡∏£‡∏≤‡∏™‡πà‡∏ß‡∏ô‡πÄ‡∏î‡∏µ‡∏¢‡∏ß‡∏Å‡∏±‡∏ô‡∏Å‡∏±‡∏ö 2559 ‡∏ó‡∏µ‡πà -1",886.07 ‡∏•‡πâ‡∏≤‡∏ô‡∏ö‡∏≤‡∏ó ‡∏à‡∏∞‡∏ó‡∏≥‡πÉ‡∏´‡πâ‡∏™‡πà‡∏ß‡∏ô‡∏ú‡∏π‡πâ‡∏ñ‡∏∑‡∏≠‡∏´‡∏∏‡πâ‡∏ô 2,"‡∏ï‡∏£‡∏á‡∏Å‡∏±‡∏ô,ifec,‡∏ã‡∏∑‡πâ‡∏≠‡∏Ç‡∏≤‡∏¢,‡∏ä‡∏±‡πà‡∏ß‡∏Ñ‡∏£‡∏≤‡∏ß,‡∏•‡∏±‡∏á,‡∏Ñ‡∏∏‡∏Å,‡∏Å‡∏≤‡∏£‡πÄ‡∏á‡∏¥‡∏ô,‡πÑ‡∏ï‡∏£‡∏°‡∏≤‡∏™,‡∏á‡∏ö,‡∏ä‡∏≠‡∏ö,‡∏ö‡∏£‡∏¥‡∏©‡∏±‡∏ó,‡∏õ‡∏±‡∏ç‡∏´‡∏≤,‡∏Å‡∏≤‡∏£‡πÄ‡∏á‡∏¥‡∏ô,‡∏Ç‡πà‡∏≤‡∏ß‡∏™‡∏≤‡∏£,‡∏£‡∏π‡πâ,‡∏≠‡∏≠‡∏Å‡∏ç‡∏≤,‡∏Ç‡∏≤‡∏î‡∏ó‡∏∏‡∏ô,‡∏õ‡∏µ,2,‡πÉ‡∏î,‡∏ó‡∏∏‡∏ô,‡∏≠‡∏±‡∏ï‡∏£‡∏≤‡∏™‡πà‡∏ß‡∏ô,25,1"
(‡πí) ‡∏ú‡∏•‡∏õ‡∏£‡∏∞‡∏Å‡∏≠‡∏ö‡∏Å‡∏≤‡∏£‡πÑ‡∏ï‡∏£‡∏°‡∏≤‡∏™‡∏Ñ‡πâ‡∏≤‡∏á‡πÜ‡∏ï‡∏±‡πâ‡∏á‡πÅ‡∏ï‡πà 1/2560 ‡πÄ‡∏õ‡πá‡∏ô‡∏ï‡πâ‡∏ô‡∏°‡∏≤ : ‡∏ï‡πâ‡∏≠‡∏á‡∏Ç‡∏≤‡∏î‡∏ó‡∏∏‡∏ô <2,020.24 ‡∏•‡πâ‡∏≤‡∏ô‡∏ö‡∏≤‡∏ó; ‡πÅ‡∏•‡∏∞,"‡∏õ‡∏£‡∏∞‡∏Å‡∏≠‡∏ö‡∏Å‡∏≤‡∏£,‡πÑ‡∏ï‡∏£‡∏°‡∏≤‡∏™,‡∏Ñ‡πâ‡∏≤‡∏á,‡∏ï‡πâ‡∏ô,‡∏Ç‡∏≤‡∏î‡∏ó‡∏∏‡∏ô,2"
"‡∏î‡πâ‡∏ß‡∏¢‡∏Ñ‡∏ß‡∏≤‡∏°‡∏õ‡∏£‡∏≤‡∏£‡∏ñ‡∏ô‡∏≤‡∏î‡∏µ""",-1,‡∏Ñ‡∏ß‡∏≤‡∏°‡∏õ‡∏£‡∏≤‡∏£‡∏ñ‡∏ô‡∏≤‡∏î‡∏µ
"‡∏≠‡∏¢‡∏≤‡∏Å‡πÅ‡∏ó‡∏á s50 ‡πÅ‡∏ö‡∏ö run trend ‡∏¢‡∏≤‡∏ß‡∏´‡∏ô‡πà‡∏≠‡∏¢‡πÅ‡∏ï‡πà‡πÄ‡∏á‡∏¥‡∏ô‡πÑ‡∏°‡πà‡∏û‡∏≠‡∏à‡∏∞‡πÄ‡∏•‡πà‡∏ô tfex 
‡∏û‡∏≠‡πÑ‡∏õ‡πÅ‡∏ó‡∏á s50 dw ‡∏Å‡πá‡πÇ‡∏î‡∏ô tine decay ‡∏Å‡∏¥‡∏ô‡∏´‡∏°‡∏î ‡πÄ‡∏Æ‡πâ‡∏≠",-1,"‡πÅ‡∏ó‡∏á,runtrend,‡πÄ‡∏á‡∏¥‡∏ô,‡πÄ‡∏•‡πà‡∏ô,tfex,‡πÅ‡∏ó‡∏á,sdw,‡πÇ‡∏î‡∏ô,tinedecay,‡∏Å‡∏¥‡∏ô,‡πÄ‡∏Æ‡πâ‡∏≠"
Options ‡∏û‡∏≠‡πÑ‡∏î‡πâ‡πÑ‡∏´‡∏°?,1,"Options,‡πÑ‡∏´‡∏°"
